编号,名称,地图号,经验,音乐,队友1,队友2,队友3,队友4,队友5,队友6,自动队友1,自动队友2,自动队友3,自动队友4,自动队友5,自动队友6,队友X1,队友X2,队友X3,队友X4,队友X5,队友X6,队友Y1,队友Y2,队友Y3,队友Y4,队友Y5,队友Y6,敌人1,敌人2,敌人3,敌人4,敌人5,敌人6,敌人7,敌人8,敌人9,敌人10,敌人11,敌人12,敌人13,敌人14,敌人15,敌人16,敌人17,敌人18,敌人19,敌人20,敌人X1,敌人X2,敌人X3,敌人X4,敌人X5,敌人X6,敌人X7,敌人X8,敌人X9,敌人X10,敌人X11,敌人X12,敌人X13,敌人X14,敌人X15,敌人X16,敌人X17,敌人X18,敌人X19,敌人X20,敌人Y1,敌人Y2,敌人Y3,敌人Y4,敌人Y5,敌人Y6,敌人Y7,敌人Y8,敌人Y9,敌人Y10,敌人Y11,敌人Y12,敌人Y13,敌人Y14,敌人Y15,敌人Y16,敌人Y17,敌人Y18,敌人Y19,敌人Y20
0,⒚缛锁P,36,0,5,0,4,72,-1,-1,-1,-1,-1,-1,-1,-1,-1,36,36,36,39,39,39,24,22,26,26,24,22,3,1,-1,-1,-1,-1,-1,-1,-1,-1,-1,-1,-1,-1,-1,-1,-1,-1,-1,-1,28,28,21,21,19,18,16,16,22,22,30,30,30,30,30,30,30,30,30,30,26,22,19,27,26,20,22,25,25,21,31,32,33,34,35,36,37,38,39,40
1,中基,37,0,5,-1,-1,-1,-1,-1,-1,-1,-1,-1,-1,-1,-1,21,20,20,18,18,19,21,22,20,20,22,21,4,-1,-1,-1,-1,-1,-1,-1,-1,-1,-1,-1,-1,-1,-1,-1,-1,-1,-1,-1,26,24,24,21,21,21,21,21,24,24,31,31,31,31,31,31,31,31,31,31,21,22,26,24,22,26,20,28,20,28,31,32,33,34,35,36,37,38,39,40
2,㈤基,37,0,5,-1,-1,-1,-1,-1,-1,0,1,-1,-1,-1,-1,21,24,20,20,19,19,21,21,20,22,20,22,4,-1,-1,-1,-1,-1,-1,-1,-1,-1,-1,-1,-1,-1,-1,-1,-1,-1,-1,-1,25,24,24,21,21,21,21,21,24,24,31,31,31,31,31,31,31,31,31,31,21,22,26,24,22,26,20,28,20,28,31,32,33,34,35,36,37,38,39,40
3,救苗人P,34,0,5,0,1,-1,-1,-1,-1,-1,-1,-1,-1,-1,-1,28,34,34,34,34,34,25,25,23,21,27,29,390,392,394,399,72,-1,-1,-1,-1,-1,-1,-1,-1,-1,-1,-1,-1,-1,-1,-1,27,27,29,29,22,28,24,28,24,26,25,30,30,30,30,30,30,30,30,30,24,26,24,26,25,21,21,26,26,28,19,32,33,34,35,36,37,38,39,40
4,翁裘,34,0,7,-1,-1,-1,-1,-1,-1,0,-1,-1,-1,-1,-1,33,32,32,31,31,31,24,21,29,26,24,22,3,-1,-1,-1,-1,-1,-1,-1,-1,-1,-1,-1,-1,-1,-1,-1,-1,-1,-1,-1,24,26,28,24,24,28,24,28,24,26,25,30,30,30,30,30,30,30,30,30,24,21,24,24,26,21,21,26,26,28,19,32,33,34,35,36,37,38,39,40
5,千年人Q,16,0,6,-1,-1,-1,-1,-1,-1,-1,-1,-1,-1,-1,-1,30,32,32,28,22,22,39,37,34,32,21,18,420,421,422,423,424,-1,-1,-1,-1,-1,-1,-1,-1,-1,-1,-1,-1,-1,-1,-1,22,23,24,27,26,18,18,23,24,24,25,30,30,30,30,30,30,30,30,30,35,31,39,40,30,18,21,24,33,36,19,32,33,34,35,36,37,38,39,40
6,J王藏,16,0,7,-1,-1,-1,-1,-1,-1,-1,-1,-1,-1,-1,-1,30,32,32,30,29,32,39,37,34,34,36,40,429,428,427,426,425,424,423,422,421,420,-1,-1,-1,-1,-1,-1,-1,-1,-1,-1,22,23,24,27,26,26,27,29,24,24,25,30,30,30,30,30,30,30,30,30,35,31,39,40,30,35,33,33,33,36,19,32,33,34,35,36,37,38,39,40
7,血刀老祖,0,0,5,-1,-1,-1,-1,-1,-1,-1,-1,-1,-1,-1,-1,32,36,35,36,38,41,20,17,20,24,20,20,97,-1,-1,-1,-1,-1,-1,-1,-1,-1,-1,-1,-1,-1,-1,-1,-1,-1,-1,-1,36,18,21,21,19,18,16,16,22,22,30,30,30,30,30,30,30,30,30,30,19,23,19,27,26,20,22,25,25,21,31,32,33,34,35,36,37,38,39,40
8,明教分舵,3,0,5,-1,-1,-1,-1,-1,-1,-1,-1,-1,-1,-1,-1,34,37,31,31,34,34,29,29,31,27,24,34,301,302,303,304,-1,-1,-1,-1,-1,-1,-1,-1,-1,-1,-1,-1,-1,-1,-1,-1,20,22,22,22,23,18,18,18,18,18,25,30,30,30,30,30,30,30,30,30,28,24,20,23,38,39,35,31,24,20,19,32,33,34,35,36,37,38,39,40
9,鹄,19,0,6,-1,-1,-1,-1,-1,-1,-1,-1,-1,-1,-1,-1,30,32,32,32,32,32,37,41,39,37,35,33,7,166,340,342,344,346,348,-1,-1,-1,-1,-1,-1,-1,-1,-1,-1,-1,-1,-1,25,25,25,25,25,25,25,18,18,18,25,30,30,30,30,30,30,30,30,30,36,38,43,40,34,32,30,31,24,20,19,32,33,34,35,36,37,38,39,40
10,成奸,3,0,6,-1,-1,-1,-1,-1,-1,0,9,10,11,12,-1,34,37,31,31,34,34,29,29,31,27,24,34,18,-1,-1,-1,-1,-1,-1,-1,-1,-1,-1,-1,-1,-1,-1,-1,-1,-1,-1,-1,20,22,22,22,23,18,18,18,18,18,25,30,30,30,30,30,30,30,30,30,28,24,20,23,38,39,35,31,24,20,19,32,33,34,35,36,37,38,39,40
11,鹑A山,19,0,6,-1,-1,-1,-1,-1,-1,-1,-1,-1,-1,-1,-1,30,32,32,32,32,32,37,41,39,37,35,33,107,108,109,363,365,360,361,369,-1,-1,-1,-1,-1,-1,-1,-1,-1,-1,-1,-1,25,25,25,25,25,25,25,25,21,18,22,-1,-1,-1,-1,-1,-1,-1,-1,-1,44,42,40,38,36,34,32,30,21,21,34,-1,-1,-1,-1,-1,-1,-1,-1,-1
12,疳轻,19,0,7,-1,-1,-1,-1,-1,-1,-1,-1,-1,-1,-1,-1,33,33,33,33,33,33,35,38,41,32,44,29,167,168,8,356,357,358,352,-1,-1,-1,-1,-1,-1,-1,-1,-1,-1,-1,-1,-1,27,27,27,27,27,27,25,23,25,23,25,23,25,23,25,23,25,23,30,30,35,38,41,32,44,29,35,35,38,38,41,41,32,32,44,44,29,29,39,40
13,s⒊,4,0,6,-1,-1,-1,-1,-1,-1,-1,-1,-1,-1,-1,-1,25,24,25,24,25,24,27,27,28,28,25,25,18,290,289,287,286,285,218,238,237,236,235,399,398,397,396,447,248,220,234,284,22,27,25,25,24,24,27,22,22,27,25,30,30,30,30,30,30,30,30,30,27,27,24,30,30,24,26,26,28,28,19,32,33,34,35,36,37,38,39,40
14,波斯三使,4,0,5,-1,-1,-1,-1,-1,-1,-1,-1,-1,-1,-1,-1,25,24,24,25,25,24,27,27,29,29,25,25,173,174,175,-1,-1,-1,-1,-1,-1,-1,-1,-1,-1,-1,-1,-1,-1,-1,-1,-1,21,28,25,25,24,24,27,22,22,27,25,30,30,30,30,30,30,30,30,30,27,27,23,30,30,24,26,26,28,28,19,32,33,34,35,36,37,38,39,40
15,光明圣火,19,0,7,-1,-1,-1,-1,-1,-1,-1,-1,-1,-1,-1,-1,33,33,33,33,33,33,35,38,41,32,44,29,10,11,15,12,13,14,-1,-1,-1,-1,-1,-1,-1,-1,-1,-1,-1,-1,-1,-1,29,26,27,27,24,24,25,23,25,23,25,23,25,23,25,23,25,23,30,30,37,37,34,40,35,39,35,35,38,38,41,41,32,32,44,44,29,29,39,40
16,⒌以,17,0,6,-1,-1,-1,-1,-1,-1,-1,-1,-1,-1,-1,-1,17,17,17,19,19,19,35,37,33,33,37,35,37,-1,-1,-1,-1,-1,-1,-1,-1,-1,-1,-1,-1,-1,-1,-1,-1,-1,-1,-1,15,18,22,18,22,18,21,18,21,18,22,-1,-1,-1,-1,-1,-1,-1,-1,-1,35,36,33,33,30,30,24,24,21,21,34,-1,-1,-1,-1,-1,-1,-1,-1,-1
17,[崆峒,5,0,6,-1,-1,-1,-1,-1,-1,-1,-1,-1,-1,-1,-1,29,31,33,32,34,35,20,23,26,20,23,20,8,168,167,350,351,352,353,354,355,356,357,358,359,-1,-1,-1,-1,-1,-1,-1,22,18,22,18,22,18,21,18,21,18,22,21,21,-1,-1,-1,-1,-1,-1,-1,36,36,33,33,30,30,24,24,21,21,34,35,33,-1,-1,-1,-1,-1,-1,-1
18,救庸t,5,0,6,-1,-1,-1,-1,-1,-1,-1,-1,-1,-1,-1,-1,29,31,33,32,34,35,20,23,26,20,23,20,7,359,358,357,355,356,166,-1,-1,-1,-1,-1,-1,-1,-1,-1,-1,-1,-1,-1,22,18,22,18,22,18,21,18,21,18,22,-1,-1,-1,-1,-1,-1,-1,-1,-1,36,36,33,33,30,30,24,24,21,21,34,-1,-1,-1,-1,-1,-1,-1,-1,-1
19,[,5,0,6,-1,-1,-1,-1,-1,-1,-1,-1,-1,-1,-1,-1,29,31,33,32,34,35,20,23,26,20,23,20,7,166,340,341,342,343,344,345,346,347,348,349,-1,-1,-1,-1,-1,-1,-1,-1,22,18,22,18,22,18,21,18,21,18,22,22,-1,-1,-1,-1,-1,-1,-1,-1,36,36,33,33,30,30,24,24,21,21,34,35,-1,-1,-1,-1,-1,-1,-1,-1
20,Z倚天,20,0,6,-1,-1,-1,-1,-1,-1,0,-1,-1,-1,-1,-1,33,34,34,35,35,35,27,25,30,27,29,24,6,-1,-1,-1,-1,-1,-1,-1,-1,-1,-1,-1,-1,-1,-1,-1,-1,-1,-1,-1,29,29,29,29,29,27,27,27,27,27,25,30,30,30,30,30,30,30,30,30,27,29,31,25,23,27,29,31,25,23,19,32,33,34,35,36,37,38,39,40
21,峨嵋攻,20,0,6,0,-1,-1,-1,-1,-1,-1,-1,-1,-1,-1,-1,33,34,34,35,35,35,27,25,30,27,29,24,330,331,332,333,334,335,336,337,338,339,-1,-1,-1,-1,-1,-1,-1,-1,-1,-1,29,29,29,29,29,27,27,27,27,27,25,30,30,30,30,30,30,30,30,30,27,29,31,25,23,27,29,31,25,23,19,32,33,34,35,36,37,38,39,40
22,三S指,14,0,5,-1,-1,-1,-1,-1,-1,0,-1,-1,-1,-1,-1,23,34,34,35,35,35,28,25,30,27,29,24,5,-1,-1,-1,-1,-1,-1,-1,-1,-1,-1,-1,-1,-1,-1,-1,-1,-1,-1,-1,17,29,29,29,29,27,27,27,27,27,25,30,30,30,30,30,30,30,30,30,28,29,31,25,23,27,29,31,25,23,19,32,33,34,35,36,37,38,39,40
23,J性峰,21,0,5,-1,-1,-1,-1,-1,-1,-1,-1,-1,-1,-1,-1,35,35,35,35,35,35,32,28,26,34,36,24,380,381,382,-1,-1,-1,-1,-1,-1,-1,-1,-1,-1,-1,-1,-1,-1,-1,-1,-1,29,29,27,27,27,27,24,24,24,24,24,22,22,22,22,30,30,30,30,30,34,26,36,32,28,24,23,26,30,34,37,35,31,27,24,36,37,38,39,40
24,斗定e,21,0,6,-1,-1,-1,-1,-1,-1,-1,-1,-1,-1,-1,-1,35,35,35,35,35,35,32,28,26,34,36,24,21,380,381,382,383,384,385,386,387,388,389,-1,-1,-1,-1,-1,-1,-1,-1,-1,29,29,27,27,27,27,24,24,24,24,24,22,22,22,22,30,30,30,30,30,34,26,36,32,28,24,23,26,30,34,37,35,31,27,24,36,37,38,39,40
25,斗泰山,10,0,5,-1,-1,-1,-1,-1,-1,-1,-1,-1,-1,-1,-1,30,33,32,34,36,36,29,28,33,31,28,35,201,202,203,204,-1,-1,-1,-1,-1,-1,-1,-1,-1,-1,-1,-1,-1,-1,-1,-1,25,24,27,28,28,25,23,23,25,30,27,22,31,27,25,27,-1,-1,-1,-1,27,30,26,24,22,23,24,20,19,19,17,27,22,31,33,29,-1,-1,-1,-1
26,斗天T,10,0,6,-1,-1,-1,-1,-1,-1,-1,-1,-1,-1,-1,-1,30,33,32,34,36,36,29,28,33,31,28,35,23,209,202,203,204,205,210,207,208,206,201,-1,-1,-1,-1,-1,-1,-1,-1,-1,25,24,27,28,28,25,23,23,25,30,27,22,31,27,25,27,-1,-1,-1,-1,27,30,26,24,22,23,24,20,19,19,17,27,22,31,33,29,-1,-1,-1,-1
27,J衡山,5,0,5,-1,-1,-1,-1,-1,-1,-1,-1,-1,-1,-1,-1,29,31,33,32,34,35,20,23,26,20,23,20,370,371,372,-1,-1,-1,-1,-1,-1,-1,-1,-1,-1,-1,-1,-1,-1,-1,-1,-1,22,18,22,18,22,18,21,18,21,18,22,-1,-1,-1,-1,-1,-1,-1,-1,-1,36,36,33,33,30,30,24,24,21,21,34,-1,-1,-1,-1,-1,-1,-1,-1,-1
28,斗莫大,5,0,6,-1,-1,-1,-1,-1,-1,-1,-1,-1,-1,-1,-1,29,31,33,32,34,35,20,23,26,20,23,20,20,379,377,376,375,374,373,372,371,378,370,-1,-1,-1,-1,-1,-1,-1,-1,-1,22,18,22,18,22,18,21,18,21,18,22,-1,-1,-1,-1,-1,-1,-1,-1,-1,36,36,33,33,30,30,24,24,21,21,34,-1,-1,-1,-1,-1,-1,-1,-1,-1
29,J嵩山,21,0,5,-1,-1,-1,-1,-1,-1,-1,-1,-1,-1,-1,-1,35,35,35,35,35,35,32,28,26,34,36,24,191,192,193,194,-1,-1,-1,-1,-1,-1,-1,-1,-1,-1,-1,-1,-1,-1,-1,-1,29,29,27,27,27,27,24,24,24,24,24,22,22,22,22,30,30,30,30,30,34,26,36,32,28,24,23,26,30,34,37,35,31,27,24,36,37,38,39,40
30,徐降天T,21,0,6,-1,-1,-1,-1,-1,-1,0,-1,-1,-1,-1,-1,35,35,35,35,35,35,32,28,26,34,36,24,23,-1,-1,-1,-1,-1,-1,-1,-1,-1,-1,-1,-1,-1,-1,-1,-1,-1,-1,-1,29,29,27,27,27,27,24,24,24,24,24,22,22,22,22,30,30,30,30,30,34,26,36,32,28,24,23,26,30,34,37,35,31,27,24,36,37,38,39,40
31,徐降定e,21,0,6,-1,-1,-1,-1,-1,-1,0,-1,-1,-1,-1,-1,35,35,35,35,35,35,32,28,26,34,36,24,21,-1,-1,-1,-1,-1,-1,-1,-1,-1,-1,-1,-1,-1,-1,-1,-1,-1,-1,-1,29,29,27,27,27,27,24,24,24,24,24,22,22,22,22,30,30,30,30,30,34,26,36,32,28,24,23,26,30,34,37,35,31,27,24,36,37,38,39,40
32,徐降莫大,21,0,6,-1,-1,-1,-1,-1,-1,0,-1,-1,-1,-1,-1,35,35,35,35,35,35,32,28,26,34,36,24,20,-1,-1,-1,-1,-1,-1,-1,-1,-1,-1,-1,-1,-1,-1,-1,-1,-1,-1,-1,29,29,27,27,27,27,24,24,24,24,24,22,22,22,22,30,30,30,30,30,34,26,36,32,28,24,23,26,30,34,37,35,31,27,24,36,37,38,39,40
33,徐降左,21,0,6,-1,-1,-1,-1,-1,-1,0,-1,-1,-1,-1,-1,35,35,35,35,35,35,32,28,26,34,36,24,22,-1,-1,-1,-1,-1,-1,-1,-1,-1,-1,-1,-1,-1,-1,-1,-1,-1,-1,-1,29,29,27,27,27,27,24,24,24,24,24,22,22,22,22,30,30,30,30,30,34,26,36,32,28,24,23,26,30,34,37,35,31,27,24,36,37,38,39,40
34,⒘制街,24,0,6,35,-1,-1,-1,-1,-1,-1,-1,-1,-1,-1,-1,35,35,35,35,35,35,32,28,26,34,36,24,36,199,-1,-1,-1,-1,-1,-1,-1,-1,-1,-1,-1,-1,-1,-1,-1,-1,-1,-1,29,29,27,27,27,27,24,24,24,24,24,22,22,22,22,30,30,30,30,30,34,26,36,32,28,24,23,26,30,34,37,35,31,27,24,36,37,38,39,40
35,令降定e,21,0,6,-1,-1,-1,-1,-1,-1,35,-1,-1,-1,-1,-1,35,35,35,35,35,35,32,28,26,34,36,24,21,-1,-1,-1,-1,-1,-1,-1,-1,-1,-1,-1,-1,-1,-1,-1,-1,-1,-1,-1,29,29,27,27,27,27,24,24,24,24,24,22,22,22,22,30,30,30,30,30,34,26,36,32,28,24,23,26,30,34,37,35,31,27,24,36,37,38,39,40
36,令降莫大,21,0,6,-1,-1,-1,-1,-1,-1,35,-1,-1,-1,-1,-1,35,35,35,35,35,35,32,28,26,34,36,24,20,-1,-1,-1,-1,-1,-1,-1,-1,-1,-1,-1,-1,-1,-1,-1,-1,-1,-1,-1,29,29,27,27,27,27,24,24,24,24,24,22,22,22,22,30,30,30,30,30,34,26,36,32,28,24,23,26,30,34,37,35,31,27,24,36,37,38,39,40
37,令降左,21,0,6,-1,-1,-1,-1,-1,-1,35,-1,-1,-1,-1,-1,35,35,35,35,35,35,32,28,26,34,36,24,22,-1,-1,-1,-1,-1,-1,-1,-1,-1,-1,-1,-1,-1,-1,-1,-1,-1,-1,-1,29,29,27,27,27,27,24,24,24,24,24,22,22,22,22,30,30,30,30,30,34,26,36,32,28,24,23,26,30,34,37,35,31,27,24,36,37,38,39,40
38,再斗嵩山,21,0,6,0,-1,-1,-1,-1,-1,-1,-1,-1,-1,-1,-1,35,35,35,35,35,35,32,28,26,34,36,24,22,195,192,196,194,191,193,197,198,199,200,-1,-1,-1,-1,-1,-1,-1,-1,-1,29,29,27,27,27,27,24,24,24,24,24,22,22,22,22,30,30,30,30,30,34,26,36,32,28,24,23,26,30,34,37,35,31,27,24,36,37,38,39,40
39,再斗定e,21,0,6,-1,-1,-1,-1,-1,-1,-1,-1,-1,-1,-1,-1,35,35,35,35,35,35,32,28,26,34,36,24,21,189,190,183,184,185,186,187,188,-1,-1,-1,-1,-1,-1,-1,-1,-1,-1,-1,29,29,27,27,27,27,24,24,24,24,24,22,22,22,22,30,30,30,30,30,34,26,36,32,28,24,23,26,30,34,37,35,31,27,24,36,37,38,39,40
40,再斗天T,10,0,6,-1,-1,-1,-1,-1,-1,-1,-1,-1,-1,-1,-1,30,33,32,34,36,36,29,28,33,31,28,35,23,201,202,203,209,210,206,207,208,-1,-1,-1,-1,-1,-1,-1,-1,-1,-1,-1,25,24,27,28,28,25,23,23,25,30,27,22,31,27,25,27,-1,-1,-1,-1,27,30,26,24,22,23,24,20,19,19,17,27,22,31,33,29,-1,-1,-1,-1
41,再斗莫大,5,0,6,-1,-1,-1,-1,-1,-1,-1,-1,-1,-1,-1,-1,29,31,33,32,34,35,20,23,26,20,23,20,20,171,172,179,174,175,176,177,-1,-1,-1,-1,-1,-1,-1,-1,-1,-1,-1,-1,22,18,22,18,22,18,21,18,21,18,22,-1,-1,-1,-1,-1,-1,-1,-1,-1,36,36,33,33,30,30,24,24,21,21,34,-1,-1,-1,-1,-1,-1,-1,-1,-1
42,落花流水,0,0,5,-1,-1,-1,-1,-1,-1,-1,-1,-1,-1,-1,-1,29,31,33,32,34,35,20,23,26,20,23,20,94,95,96,52,-1,-1,-1,-1,-1,-1,-1,-1,-1,-1,-1,-1,-1,-1,-1,-1,16,19,16,19,22,18,21,18,21,18,22,-1,-1,-1,-1,-1,-1,-1,-1,-1,22,22,25,25,30,30,24,24,21,21,34,-1,-1,-1,-1,-1,-1,-1,-1,-1
43,斗丹青生,6,0,5,-1,-1,-1,-1,-1,-1,0,-1,-1,-1,-1,-1,28,28,30,30,26,26,23,25,25,23,23,25,31,-1,-1,-1,-1,-1,-1,-1,-1,-1,-1,-1,-1,-1,-1,-1,-1,-1,-1,-1,24,32,28,28,24,28,24,28,24,26,25,30,30,30,30,30,30,30,30,30,24,24,27,21,26,21,21,26,26,28,19,32,33,34,35,36,37,38,39,40
44,斗dP翁,6,0,5,-1,-1,-1,-1,-1,-1,0,-1,-1,-1,-1,-1,28,28,30,30,26,26,23,25,25,23,23,25,32,-1,-1,-1,-1,-1,-1,-1,-1,-1,-1,-1,-1,-1,-1,-1,-1,-1,-1,-1,24,32,28,28,24,28,24,28,24,26,25,30,30,30,30,30,30,30,30,30,24,24,27,21,26,21,21,26,26,28,19,32,33,34,35,36,37,38,39,40
45,斗黑白子,6,0,5,-1,-1,-1,-1,-1,-1,0,-1,-1,-1,-1,-1,28,28,30,30,26,26,23,25,25,23,23,25,33,-1,-1,-1,-1,-1,-1,-1,-1,-1,-1,-1,-1,-1,-1,-1,-1,-1,-1,-1,24,32,28,28,24,28,24,28,24,26,25,30,30,30,30,30,30,30,30,30,24,24,27,21,26,21,21,26,26,28,19,32,33,34,35,36,37,38,39,40
46,斗S公,6,0,5,-1,-1,-1,-1,-1,-1,0,-1,-1,-1,-1,-1,28,28,30,30,26,26,23,25,25,23,23,25,34,-1,-1,-1,-1,-1,-1,-1,-1,-1,-1,-1,-1,-1,-1,-1,-1,-1,-1,-1,24,32,28,28,24,28,24,28,24,26,25,30,30,30,30,30,30,30,30,30,24,24,27,21,26,21,21,26,26,28,19,32,33,34,35,36,37,38,39,40
47,斗四友,7,0,5,0,-1,-1,-1,-1,-1,-1,-1,-1,-1,-1,-1,28,28,30,30,26,26,23,25,25,23,23,25,31,32,33,34,-1,-1,-1,-1,-1,-1,-1,-1,-1,-1,-1,-1,-1,-1,-1,-1,24,32,28,28,24,28,24,28,24,26,25,30,30,30,30,30,30,30,30,30,24,24,27,21,26,21,21,26,26,28,19,32,33,34,35,36,37,38,39,40
48,救林平之,5,0,5,-1,-1,-1,-1,-1,-1,-1,-1,-1,-1,-1,-1,29,31,33,32,34,35,20,23,26,20,23,20,214,215,216,217,-1,-1,-1,-1,-1,-1,-1,-1,-1,-1,-1,-1,-1,-1,-1,-1,22,18,22,18,22,18,21,18,21,18,22,-1,-1,-1,-1,-1,-1,-1,-1,-1,36,36,33,33,30,30,24,24,21,21,34,-1,-1,-1,-1,-1,-1,-1,-1,-1
49,青城四秀,22,0,5,-1,-1,-1,-1,-1,-1,-1,-1,-1,-1,-1,-1,27,29,32,21,27,29,23,20,20,19,30,32,211,212,213,214,-1,-1,-1,-1,-1,-1,-1,-1,-1,-1,-1,-1,-1,-1,-1,-1,17,24,18,19,16,15,15,19,20,19,13,13,26,20,24,30,30,30,30,30,24,31,31,29,28,29,25,25,23,20,20,38,30,27,28,36,37,38,39,40
50,斗余婧,22,0,6,-1,-1,-1,-1,-1,-1,-1,-1,-1,-1,-1,-1,27,29,32,21,27,29,23,20,20,19,30,32,24,211,213,214,215,216,-1,-1,-1,-1,-1,-1,-1,-1,-1,-1,-1,-1,-1,-1,17,24,18,19,16,15,15,19,20,19,13,13,26,20,24,30,30,30,30,30,24,31,31,29,28,29,25,25,23,20,20,38,30,27,28,36,37,38,39,40
51,平之统,22,0,6,-1,-1,-1,-1,-1,-1,36,-1,-1,-1,-1,-1,27,29,32,21,27,29,23,20,20,19,30,32,24,214,212,216,218,220,-1,-1,-1,-1,-1,-1,-1,-1,-1,-1,-1,-1,-1,-1,17,14,18,19,16,15,15,19,20,19,13,13,26,20,24,30,30,30,30,30,24,31,31,29,28,29,25,25,23,20,20,38,30,27,28,36,37,38,39,40
52,鹄钅愁,5,0,5,-1,-1,-1,-1,-1,-1,-1,-1,-1,-1,-1,-1,26,32,32,31,31,31,24,21,29,26,24,22,161,-1,-1,-1,-1,-1,-1,-1,-1,-1,-1,-1,-1,-1,-1,-1,-1,-1,-1,-1,26,26,28,24,24,28,24,28,24,26,25,30,30,30,30,30,30,30,30,30,26,21,24,24,26,21,21,26,26,28,19,32,33,34,35,36,37,38,39,40
53,吞锊光,5,0,5,-1,-1,-1,-1,-1,-1,0,29,-1,-1,-1,-1,29,31,33,32,34,35,20,23,26,20,23,20,24,-1,-1,-1,-1,-1,-1,-1,-1,-1,-1,-1,-1,-1,-1,-1,-1,-1,-1,-1,22,18,22,18,22,18,21,18,21,18,22,-1,-1,-1,-1,-1,-1,-1,-1,-1,36,36,33,33,30,30,24,24,21,21,34,-1,-1,-1,-1,-1,-1,-1,-1,-1
54,|方不,23,0,7,-1,-1,-1,-1,-1,-1,-1,-1,-1,-1,-1,-1,24,24,24,24,24,24,27,29,25,31,23,33,27,31,32,33,34,231,232,233,234,235,236,237,238,239,240,-1,-1,-1,-1,-1,13,15,15,15,15,17,17,17,17,17,17,19,19,19,19,19,21,21,21,21,27,24,26,28,30,23,25,27,29,31,33,24,26,28,30,32,24,26,28,30
55,葵花典,23,0,7,-1,-1,-1,-1,-1,-1,-1,-1,-1,-1,-1,-1,24,24,24,24,24,24,26,28,30,24,32,33,26,31,32,33,34,231,232,233,234,235,236,237,238,239,240,-1,-1,-1,-1,-1,13,15,15,15,15,17,17,17,17,17,17,19,19,19,19,19,21,21,21,21,27,24,26,28,30,23,25,27,29,31,33,24,26,28,30,32,24,26,28,30
56,笑傲江湖,24,0,7,-1,-1,-1,-1,-1,-1,-1,-1,-1,-1,-1,-1,17,18,19,20,21,22,29,29,29,29,29,29,19,369,368,367,20,379,378,377,21,389,388,387,22,200,199,198,23,210,209,208,11,12,13,14,15,16,17,18,15,16,17,18,19,20,21,22,19,20,21,22,29,29,29,29,27,27,27,27,31,31,31,31,26,26,26,26,32,32,32,32
57,任c|方,23,0,7,-1,26,-1,-1,-1,-1,-1,-1,-1,-1,-1,-1,24,24,24,24,24,24,26,28,30,24,32,33,27,31,32,33,34,231,232,233,234,235,236,237,238,239,240,-1,-1,-1,-1,-1,13,15,15,15,15,17,17,17,17,17,17,19,19,19,19,19,21,21,21,21,27,24,26,28,30,23,25,27,29,31,33,24,26,28,30,32,24,26,28,30
58,凌霄城外,0,0,5,-1,-1,-1,-1,-1,-1,-1,-1,-1,-1,-1,-1,32,36,35,36,38,41,20,17,20,24,20,20,241,242,243,-1,-1,-1,-1,-1,-1,-1,-1,-1,-1,-1,-1,-1,-1,-1,-1,-1,21,18,21,21,19,18,16,16,22,22,30,30,30,30,30,30,30,30,30,30,23,23,19,27,26,20,22,25,25,21,31,32,33,34,35,36,37,38,39,40
59,斗白f,0,0,5,-1,-1,-1,-1,-1,-1,0,-1,-1,-1,-1,-1,32,36,35,36,38,41,20,17,20,24,20,20,43,-1,-1,-1,-1,-1,-1,-1,-1,-1,-1,-1,-1,-1,-1,-1,-1,-1,-1,-1,21,18,21,21,19,18,16,16,22,22,30,30,30,30,30,30,30,30,30,30,23,23,19,27,26,20,22,25,25,21,31,32,33,34,35,36,37,38,39,40
60,鹧┥脚,0,0,6,-1,-1,-1,-1,-1,-1,-1,-1,-1,-1,-1,-1,32,36,35,36,38,41,20,17,20,24,20,20,43,241,242,243,244,245,246,247,248,249,-1,-1,-1,-1,-1,-1,-1,-1,-1,-1,21,18,21,21,19,18,16,16,22,22,30,30,30,30,30,30,30,30,30,30,23,23,19,27,26,20,22,25,25,21,31,32,33,34,35,36,37,38,39,40
61,蜘蛛洞一,17,0,5,-1,-1,-1,-1,-1,-1,-1,-1,-1,-1,-1,-1,22,22,22,19,19,19,36,32,40,36,32,40,430,431,432,433,-1,-1,-1,-1,-1,-1,-1,-1,-1,-1,-1,-1,-1,-1,-1,-1,15,17,17,15,15,20,28,31,34,32,32,20,20,19,19,17,15,15,30,30,30,37,35,31,40,29,38,38,38,42,34,26,23,19,16,18,19,16,39,40
62,蜘蛛洞二,17,0,5,-1,-1,-1,-1,-1,-1,-1,-1,-1,-1,-1,-1,22,22,22,19,19,19,36,32,40,36,32,40,432,433,434,435,-1,-1,-1,-1,-1,-1,-1,-1,-1,-1,-1,-1,-1,-1,-1,-1,15,17,17,15,15,20,28,31,34,32,32,20,20,19,19,17,15,15,30,30,30,37,35,31,40,29,38,38,38,42,34,26,23,19,16,18,19,16,39,40
63,蜘蛛洞三,17,0,6,-1,-1,-1,-1,-1,-1,-1,-1,-1,-1,-1,-1,22,22,22,19,19,19,36,32,40,36,32,40,433,434,435,436,437,438,439,432,431,-1,-1,-1,-1,-1,-1,-1,-1,-1,-1,-1,15,17,17,15,15,20,28,31,34,32,32,20,20,19,19,17,15,15,30,30,30,37,35,31,40,29,38,38,38,42,34,26,23,19,16,18,19,16,39,40
64,蜘蛛洞四,17,0,5,-1,-1,-1,-1,-1,-1,-1,-1,-1,-1,-1,-1,22,22,22,19,19,19,36,32,40,36,32,40,434,435,436,437,-1,-1,-1,-1,-1,-1,-1,-1,-1,-1,-1,-1,-1,-1,-1,-1,15,17,17,15,15,20,28,31,34,32,32,20,20,19,19,17,15,15,30,30,30,37,35,31,40,29,38,38,38,42,34,26,23,19,16,18,19,16,39,40
65,蜘蛛洞五,17,0,5,-1,-1,-1,-1,-1,-1,-1,-1,-1,-1,-1,-1,22,22,22,19,19,19,36,32,40,36,32,40,439,438,437,436,-1,-1,-1,-1,-1,-1,-1,-1,-1,-1,-1,-1,-1,-1,-1,-1,15,17,17,15,15,20,28,31,34,32,32,20,20,19,19,17,15,15,30,30,30,37,35,31,40,29,38,38,38,42,34,26,23,19,16,18,19,16,39,40
66,救神m,17,0,6,-1,-1,-1,-1,-1,-1,-1,-1,-1,-1,-1,-1,22,22,22,19,19,19,36,32,40,36,32,40,419,-1,-1,-1,-1,-1,-1,-1,-1,-1,-1,-1,-1,-1,-1,-1,-1,-1,-1,-1,15,17,17,15,15,20,28,31,34,32,32,20,20,19,19,17,15,15,30,30,30,37,35,31,40,29,38,38,38,42,34,26,23,19,16,18,19,16,39,40
67,鹄项B童,11,0,6,-1,-1,-1,-1,-1,-1,-1,-1,-1,-1,-1,-1,29,30,30,31,31,32,24,27,21,19,29,24,64,-1,-1,-1,-1,-1,-1,-1,-1,-1,-1,-1,-1,-1,-1,-1,-1,-1,-1,-1,23,26,28,24,24,28,24,28,24,26,25,30,30,30,30,30,30,30,30,30,24,21,24,24,26,21,21,26,26,28,19,32,33,34,35,36,37,38,39,40
68,⒁,1,0,6,-1,-1,-1,-1,-1,-1,-1,-1,-1,-1,-1,-1,30,30,30,33,33,33,24,22,26,24,22,26,65,55,56,119,120,121,122,-1,-1,-1,-1,-1,-1,-1,-1,-1,-1,-1,-1,-1,24,24,24,21,21,21,21,21,24,24,31,31,31,31,31,31,31,31,31,31,24,22,26,24,22,26,20,28,20,28,31,32,33,34,35,36,37,38,39,40
69,W克,5,0,5,0,55,-1,-1,-1,-1,-1,-1,-1,-1,-1,-1,29,31,33,32,34,35,20,23,26,20,23,20,61,-1,-1,-1,-1,-1,-1,-1,-1,-1,-1,-1,-1,-1,-1,-1,-1,-1,-1,-1,30,18,22,18,22,18,21,18,21,18,22,-1,-1,-1,-1,-1,-1,-1,-1,-1,23,36,33,33,30,30,24,24,21,21,34,-1,-1,-1,-1,-1,-1,-1,-1,-1
70,F掌屯,4,0,5,-1,-1,-1,-1,-1,-1,-1,-1,-1,-1,-1,-1,25,24,25,24,25,24,27,27,28,28,25,25,281,282,283,284,-1,-1,-1,-1,-1,-1,-1,-1,-1,-1,-1,-1,-1,-1,-1,-1,22,27,25,25,24,24,27,22,22,27,25,30,30,30,30,30,30,30,30,30,27,27,24,30,30,24,26,26,28,28,19,32,33,34,35,36,37,38,39,40
71,痿们ж,4,0,6,-1,-1,-1,-1,-1,-1,-1,-1,-1,-1,-1,-1,25,24,25,24,25,24,27,27,28,28,25,25,67,281,282,283,284,285,286,287,288,289,-1,-1,-1,-1,-1,-1,-1,-1,-1,-1,22,27,25,25,24,24,27,22,22,27,25,30,30,30,30,30,30,30,30,30,27,27,24,30,30,24,26,26,28,28,19,32,33,34,35,36,37,38,39,40
72,再痂F掌,4,0,6,-1,-1,-1,-1,-1,-1,-1,-1,-1,-1,-1,-1,25,24,25,24,25,24,27,27,28,28,25,25,67,281,282,283,284,285,286,287,288,289,290,-1,-1,-1,-1,-1,-1,-1,-1,-1,22,27,25,25,24,24,27,22,22,27,25,30,30,30,30,30,30,30,30,30,27,27,24,30,30,24,26,26,28,28,19,32,33,34,35,36,37,38,39,40
73,鹌咦,45,0,5,-1,-1,-1,-1,-1,-1,-1,-1,-1,-1,-1,-1,28,29,30,30,27,27,37,37,34,40,40,34,68,128,123,127,124,125,126,300,299,-1,-1,-1,-1,-1,-1,-1,-1,-1,-1,-1,23,33,29,29,27,27,33,23,23,27,25,30,30,30,30,30,30,30,30,30,37,35,31,43,43,31,37,39,35,28,19,32,33,34,35,36,37,38,39,40
74,鸾疠,45,0,6,-1,-1,-1,-1,-1,-1,-1,-1,-1,-1,-1,-1,28,29,29,26,26,27,37,34,40,40,34,37,62,157,158,159,160,84,-1,-1,-1,-1,-1,-1,-1,-1,-1,-1,-1,-1,-1,-1,23,33,27,29,29,27,27,22,22,27,25,30,30,30,30,30,30,30,30,30,36,36,42,32,42,32,26,26,28,28,19,32,33,34,35,36,37,38,39,40
75,铨,45,0,6,-1,-1,-1,-1,-1,-1,-1,-1,-1,-1,-1,-1,29,27,23,33,27,29,44,44,38,38,34,34,58,59,-1,-1,-1,-1,-1,-1,-1,-1,-1,-1,-1,-1,-1,-1,-1,-1,-1,-1,29,26,25,25,24,24,27,22,22,27,25,30,30,30,30,30,30,30,30,30,37,41,24,30,30,24,26,26,28,28,19,32,33,34,35,36,37,38,39,40
76,挑鸸靖,11,0,7,-1,-1,-1,-1,-1,-1,0,-1,-1,-1,-1,-1,29,28,28,30,30,32,25,30,20,28,23,25,55,-1,-1,-1,-1,-1,-1,-1,-1,-1,-1,-1,-1,-1,-1,-1,-1,-1,-1,-1,24,23,28,24,24,28,24,28,24,26,25,30,30,30,30,30,30,30,30,30,25,28,24,24,26,21,21,26,26,28,19,32,33,34,35,36,37,38,39,40
77,挑W克,11,0,7,-1,-1,-1,-1,-1,-1,0,-1,-1,-1,-1,-1,29,28,28,30,30,32,25,30,20,28,23,25,61,-1,-1,-1,-1,-1,-1,-1,-1,-1,-1,-1,-1,-1,-1,-1,-1,-1,-1,-1,24,23,28,24,24,28,24,28,24,26,25,30,30,30,30,30,30,30,30,30,25,28,24,24,26,21,21,26,26,28,19,32,33,34,35,36,37,38,39,40
78,蟒牯朱蛤,17,0,6,-1,-1,-1,-1,-1,-1,-1,-1,-1,-1,-1,-1,22,22,22,19,19,19,36,32,40,36,32,40,190,-1,-1,-1,-1,-1,-1,-1,-1,-1,-1,-1,-1,-1,-1,-1,-1,-1,-1,-1,15,17,17,15,15,20,28,31,34,32,32,20,20,19,19,17,15,15,30,30,30,37,35,31,40,29,38,38,38,42,34,26,23,19,16,18,19,16,39,40
79,少林功,8,0,5,-1,-1,-1,-1,-1,-1,0,-1,-1,-1,-1,-1,23,32,32,32,32,32,29,31,28,25,22,19,400,-1,-1,-1,-1,-1,-1,-1,-1,-1,-1,-1,-1,-1,-1,-1,-1,-1,-1,-1,20,21,20,24,23,25,23,19,21,25,28,30,30,30,30,30,30,30,30,30,28,20,23,23,26,30,32,32,36,36,36,36,33,34,35,36,37,38,39,40
80,缟倭,8,0,5,-1,-1,-1,-1,-1,-1,-1,-1,-1,-1,-1,-1,32,32,32,32,32,32,34,31,28,25,22,19,70,169,170,-1,114,409,408,407,406,405,404,403,402,401,400,-1,-1,-1,-1,-1,20,21,20,24,23,25,23,19,21,25,28,30,30,30,30,30,30,30,30,30,28,20,23,23,26,30,32,32,36,36,36,36,33,34,35,36,37,38,39,40
81,少林群,41,0,7,-1,-1,-1,-1,-1,-1,-1,-1,-1,-1,-1,-1,46,46,46,46,46,48,39,42,45,36,33,39,51,48,103,98,99,100,44,271,276,274,272,277,278,279,273,275,-1,-1,-1,-1,41,42,42,41,45,49,42,40,42,45,48,50,50,50,50,51,30,30,30,30,40,36,31,34,31,31,45,46,48,48,48,48,45,46,47,47,37,38,39,40
82,破打狗,24,0,5,-1,-1,-1,-1,-1,-1,-1,-1,-1,-1,-1,-1,34,29,34,34,31,31,29,29,32,26,25,33,271,272,273,274,275,276,277,278,-1,-1,-1,-1,-1,-1,-1,-1,-1,-1,-1,-1,12,15,18,21,21,21,17,17,13,13,13,30,30,30,30,30,30,30,30,30,29,29,29,29,34,24,25,33,34,24,34,32,33,34,35,36,37,38,39,40
83,丐椭,24,0,7,-1,-1,-1,-1,-1,-1,0,92,-1,-1,-1,-1,24,24,23,23,25,25,30,29,32,27,27,32,50,69,459,458,-1,-1,-1,-1,-1,-1,-1,-1,-1,-1,-1,-1,-1,-1,-1,-1,20,24,28,24,21,21,17,17,13,13,13,30,30,30,30,30,30,30,30,30,29,35,29,24,34,24,25,33,34,24,34,32,33,34,35,36,37,38,39,40
84,丐退睦,24,0,6,-1,-1,-1,-1,-1,-1,-1,-1,-1,-1,-1,-1,34,29,34,34,31,31,29,29,32,26,25,33,271,272,273,274,275,276,277,278,279,280,-1,-1,-1,-1,-1,-1,-1,-1,-1,-1,12,15,18,21,21,21,17,17,13,13,13,30,30,30,30,30,30,30,30,30,29,29,29,29,34,24,25,33,34,24,34,32,33,34,35,36,37,38,39,40
85,慕容奸,24,0,6,-1,-1,-1,-1,-1,-1,0,-1,-1,-1,-1,-1,34,29,34,34,31,31,29,29,32,26,25,33,51,-1,-1,-1,-1,-1,-1,-1,-1,-1,-1,-1,-1,-1,-1,-1,-1,-1,-1,-1,12,15,18,21,21,21,17,17,13,13,13,30,30,30,30,30,30,30,30,30,29,29,29,29,34,24,25,33,34,24,34,32,33,34,35,36,37,38,39,40
86,⒍〈呵,42,0,6,-1,-1,-1,-1,-1,-1,-1,-1,-1,-1,-1,-1,38,37,37,40,39,40,31,29,33,29,31,33,46,269,262,263,264,265,261,261,268,261,270,267,-1,-1,-1,-1,-1,-1,-1,-1,35,35,38,36,38,40,42,42,36,42,40,35,30,30,30,30,30,30,30,30,31,29,27,35,35,35,33,31,27,29,27,33,33,34,35,36,37,38,39,40
87,救阿紫,24,0,5,-1,-1,-1,-1,-1,-1,-1,-1,-1,-1,-1,-1,34,29,34,34,31,31,29,29,32,26,25,33,261,262,263,264,265,-1,-1,-1,-1,-1,-1,-1,-1,-1,-1,-1,-1,-1,-1,-1,12,15,18,21,21,21,17,17,13,13,13,30,30,30,30,30,30,30,30,30,29,29,29,29,34,24,25,33,34,24,34,32,33,34,35,36,37,38,39,40
88,鹩翁怪,24,0,6,-1,-1,-1,-1,-1,-1,0,-1,-1,-1,-1,-1,34,29,34,34,31,31,29,29,32,26,25,33,48,-1,-1,-1,-1,-1,-1,-1,-1,-1,-1,-1,-1,-1,-1,-1,-1,-1,-1,-1,12,15,18,21,21,21,17,17,13,13,13,30,30,30,30,30,30,30,30,30,29,29,29,29,34,24,25,33,34,24,34,32,33,34,35,36,37,38,39,40
89,J{~潭,13,0,6,-1,-1,-1,-1,-1,-1,-1,-1,-1,-1,-1,-1,36,36,36,32,30,30,30,26,34,30,32,28,311,312,313,-1,-1,-1,-1,-1,-1,-1,-1,-1,-1,-1,-1,-1,-1,-1,-1,-1,34,32,32,34,34,29,29,26,24,26,25,30,30,30,30,30,30,30,30,30,30,28,32,34,26,26,34,30,26,28,19,32,33,34,35,36,37,38,39,40
90,斗岳老三,13,0,7,-1,-1,-1,-1,-1,-1,-1,-1,-1,-1,-1,-1,36,36,36,32,30,30,30,26,34,30,32,28,311,312,313,314,315,316,317,44,-1,-1,-1,-1,-1,-1,-1,-1,-1,-1,-1,-1,34,32,32,34,34,29,29,26,24,26,25,30,30,30,30,30,30,30,30,30,30,28,32,34,26,26,34,30,26,28,19,32,33,34,35,36,37,38,39,40
91,沙漠U墟,47,0,5,0,0,0,0,0,0,-1,-1,-1,-1,-1,-1,31,32,30,32,31,30,23,22,22,27,25,27,251,252,359,254,138,191,242,222,212,262,283,341,-1,-1,-1,-1,-1,-1,-1,-1,28,29,34,34,33,31,31,28,34,33,33,30,30,30,30,30,30,30,30,30,22,21,29,20,21,18,29,27,26,18,28,28,33,34,35,36,37,38,39,40
92,救李文秀,24,0,5,-1,-1,-1,-1,-1,-1,-1,-1,-1,-1,-1,-1,34,29,34,34,31,31,29,29,32,26,25,33,137,281,285,282,290,-1,-1,-1,-1,-1,-1,-1,-1,-1,-1,-1,-1,-1,-1,-1,12,15,18,21,21,21,17,17,13,13,13,30,30,30,30,30,30,30,30,30,29,29,29,29,34,24,25,33,34,24,34,32,33,34,35,36,37,38,39,40
93,B城E,24,0,7,-1,-1,-1,-1,-1,-1,-1,-1,-1,-1,-1,-1,34,29,34,34,31,31,29,29,32,26,25,33,198,218,227,238,250,206,211,217,286,287,288,289,256,268,278,310,-1,-1,-1,-1,12,15,18,21,21,21,17,17,13,13,13,30,30,30,30,30,30,30,30,30,29,29,29,29,34,24,25,33,34,24,34,32,33,34,35,36,37,38,39,40
94,J神u,49,0,5,-1,-1,-1,-1,-1,-1,-1,-1,-1,-1,-1,-1,31,31,31,32,32,33,27,29,25,26,28,27,390,391,392,393,394,395,396,397,-1,-1,-1,-1,-1,-1,-1,-1,-1,-1,-1,-1,22,22,22,24,24,24,24,22,21,18,22,-1,-1,-1,-1,-1,-1,-1,-1,-1,24,26,28,30,28,26,24,30,21,21,34,-1,-1,-1,-1,-1,-1,-1,-1,-1
95,斗洪教主,49,0,6,-1,-1,-1,-1,-1,-1,-1,-1,-1,-1,-1,-1,31,30,30,32,32,32,17,16,18,15,17,19,390,391,392,393,394,395,396,397,398,399,71,87,-1,-1,-1,-1,-1,-1,-1,-1,27,28,30,32,35,34,27,33,30,32,27,29,-1,-1,-1,-1,-1,-1,-1,-1,18,19,20,20,19,17,16,15,13,14,17,15,-1,-1,-1,-1,-1,-1,-1,-1
96,J五毒教,1,0,5,-1,-1,-1,-1,-1,-1,-1,-1,-1,-1,-1,-1,30,30,30,33,33,33,24,22,26,24,22,26,221,222,223,224,225,-1,-1,-1,-1,-1,-1,-1,-1,-1,-1,-1,-1,-1,-1,-1,24,24,24,21,21,21,21,21,24,24,31,31,31,31,31,31,31,31,31,31,24,22,26,24,22,26,20,28,20,28,31,32,33,34,35,36,37,38,39,40
97,找f小,1,0,5,-1,-1,-1,-1,-1,-1,-1,-1,-1,-1,-1,-1,30,30,30,33,33,33,24,22,26,24,22,26,224,225,226,227,228,-1,-1,-1,-1,-1,-1,-1,-1,-1,-1,-1,-1,-1,-1,-1,24,24,24,21,21,21,21,21,24,24,31,31,31,31,31,31,31,31,31,31,24,22,26,24,22,26,20,28,20,28,31,32,33,34,35,36,37,38,39,40
98,斗{P凰,1,0,5,-1,-1,-1,-1,-1,-1,-1,-1,-1,-1,-1,-1,30,30,30,33,33,33,24,22,26,24,22,26,226,227,228,229,230,225,224,25,-1,-1,-1,-1,-1,-1,-1,-1,-1,-1,-1,-1,24,24,24,21,21,21,21,21,24,24,31,31,31,31,31,31,31,31,31,31,24,22,26,24,22,26,20,28,20,28,31,32,33,34,35,36,37,38,39,40
99,J金寺,5,0,5,-1,-1,-1,-1,-1,-1,-1,-1,-1,-1,-1,-1,29,31,33,32,34,35,20,23,26,20,23,20,251,252,253,254,255,-1,-1,-1,-1,-1,-1,-1,-1,-1,-1,-1,-1,-1,-1,-1,22,18,22,18,22,18,21,18,21,18,22,-1,-1,-1,-1,-1,-1,-1,-1,-1,36,36,33,33,30,30,24,24,21,21,34,-1,-1,-1,-1,-1,-1,-1,-1,-1
100,瘌F摩智,38,0,6,-1,-1,-1,-1,-1,-1,0,-1,-1,-1,-1,-1,29,31,33,32,34,35,26,23,26,20,23,20,-1,-1,-1,-1,-1,103,-1,-1,-1,-1,-1,-1,-1,-1,-1,-1,-1,-1,-1,-1,22,18,22,18,22,30,21,18,21,18,22,-1,-1,-1,-1,-1,-1,-1,-1,-1,36,36,33,33,30,38,24,24,21,21,34,-1,-1,-1,-1,-1,-1,-1,-1,-1
101,鹪承志,1,0,6,-1,-1,-1,-1,-1,-1,-1,-1,-1,-1,-1,-1,30,30,30,33,33,33,24,22,26,24,22,26,54,-1,-1,-1,-1,-1,-1,-1,-1,-1,-1,-1,-1,-1,-1,-1,-1,-1,-1,-1,24,24,24,21,21,21,21,21,24,24,31,31,31,31,31,31,31,31,31,31,24,22,26,24,22,26,20,28,20,28,31,32,33,34,35,36,37,38,39,40
102,大斗白,21,0,5,-1,-1,-1,-1,-1,-1,0,-1,-1,-1,-1,-1,34,35,35,35,35,35,28,28,26,34,36,24,43,-1,-1,-1,-1,-1,-1,-1,-1,-1,-1,-1,-1,-1,-1,-1,-1,-1,-1,-1,29,29,27,27,27,27,24,24,24,24,24,22,22,22,22,30,30,30,30,30,31,26,36,32,28,24,23,26,30,34,37,35,31,27,24,36,37,38,39,40
103,大斗段,21,0,5,-1,-1,-1,-1,-1,-1,0,-1,-1,-1,-1,-1,34,35,35,35,35,35,28,28,26,34,36,24,98,-1,-1,-1,-1,-1,-1,-1,-1,-1,-1,-1,-1,-1,-1,-1,-1,-1,-1,-1,29,29,27,27,27,27,24,24,24,24,24,22,22,22,22,30,30,30,30,30,31,26,36,32,28,24,23,26,30,34,37,35,31,27,24,36,37,38,39,40
104,大斗T,21,0,5,-1,-1,-1,-1,-1,-1,0,-1,-1,-1,-1,-1,34,35,35,35,35,35,28,28,26,34,36,24,150,-1,-1,-1,-1,-1,-1,-1,-1,-1,-1,-1,-1,-1,-1,-1,-1,-1,-1,-1,29,29,27,27,27,27,24,24,24,24,24,22,22,22,22,30,30,30,30,30,31,26,36,32,28,24,23,26,30,34,37,35,31,27,24,36,37,38,39,40
105,大斗丁,21,0,5,-1,-1,-1,-1,-1,-1,0,-1,-1,-1,-1,-1,34,35,35,35,35,35,28,28,26,34,36,24,162,-1,-1,-1,-1,-1,-1,-1,-1,-1,-1,-1,-1,-1,-1,-1,-1,-1,-1,-1,29,29,27,27,27,27,24,24,24,24,24,22,22,22,22,30,30,30,30,30,31,26,36,32,28,24,23,26,30,34,37,35,31,27,24,36,37,38,39,40
106,大斗裘,21,0,5,-1,-1,-1,-1,-1,-1,0,-1,-1,-1,-1,-1,34,35,35,35,35,35,28,28,26,34,36,24,67,-1,-1,-1,-1,-1,-1,-1,-1,-1,-1,-1,-1,-1,-1,-1,-1,-1,-1,-1,29,29,27,27,27,27,24,24,24,24,24,22,22,22,22,30,30,30,30,30,31,26,36,32,28,24,23,26,30,34,37,35,31,27,24,36,37,38,39,40
107,大斗岳,21,0,5,-1,-1,-1,-1,-1,-1,0,-1,-1,-1,-1,-1,34,35,35,35,35,35,28,28,26,34,36,24,19,-1,-1,-1,-1,-1,-1,-1,-1,-1,-1,-1,-1,-1,-1,-1,-1,-1,-1,-1,29,29,27,27,27,27,24,24,24,24,24,22,22,22,22,30,30,30,30,30,31,26,36,32,28,24,23,26,30,34,37,35,31,27,24,36,37,38,39,40
108,大斗,21,0,6,-1,-1,-1,-1,-1,-1,0,-1,-1,-1,-1,-1,34,35,35,35,35,35,28,28,26,34,36,24,189,-1,-1,-1,-1,-1,-1,-1,-1,-1,-1,-1,-1,-1,-1,-1,-1,-1,-1,-1,29,29,27,27,27,27,24,24,24,24,24,22,22,22,22,30,30,30,30,30,31,26,36,32,28,24,23,26,30,34,37,35,31,27,24,36,37,38,39,40
109,大斗洪,21,0,6,-1,-1,-1,-1,-1,-1,0,-1,-1,-1,-1,-1,34,35,35,35,35,35,28,28,26,34,36,24,71,-1,-1,-1,-1,-1,-1,-1,-1,-1,-1,-1,-1,-1,-1,-1,-1,-1,-1,-1,29,29,27,27,27,27,24,24,24,24,24,22,22,22,22,30,30,30,30,30,31,26,36,32,28,24,23,26,30,34,37,35,31,27,24,36,37,38,39,40
110,大斗玄,21,0,6,-1,-1,-1,-1,-1,-1,0,-1,-1,-1,-1,-1,34,35,35,35,35,35,28,28,26,34,36,24,70,-1,-1,-1,-1,-1,-1,-1,-1,-1,-1,-1,-1,-1,-1,-1,-1,-1,-1,-1,29,29,27,27,27,27,24,24,24,24,24,22,22,22,22,30,30,30,30,30,31,26,36,32,28,24,23,26,30,34,37,35,31,27,24,36,37,38,39,40
111,大斗F,21,0,6,-1,-1,-1,-1,-1,-1,0,-1,-1,-1,-1,-1,34,35,35,35,35,35,28,28,26,34,36,24,103,-1,-1,-1,-1,-1,-1,-1,-1,-1,-1,-1,-1,-1,-1,-1,-1,-1,-1,-1,29,29,27,27,27,27,24,24,24,24,24,22,22,22,22,30,30,30,30,30,31,26,36,32,28,24,23,26,30,34,37,35,31,27,24,36,37,38,39,40
112,大斗任,21,0,6,-1,-1,-1,-1,-1,-1,0,-1,-1,-1,-1,-1,34,35,35,35,35,35,28,28,26,34,36,24,26,-1,-1,-1,-1,-1,-1,-1,-1,-1,-1,-1,-1,-1,-1,-1,-1,-1,-1,-1,29,29,27,27,27,27,24,24,24,24,24,22,22,22,22,30,30,30,30,30,31,26,36,32,28,24,23,26,30,34,37,35,31,27,24,36,37,38,39,40
113,大斗洪,21,0,6,-1,-1,-1,-1,-1,-1,0,-1,-1,-1,-1,-1,34,35,35,35,35,35,28,28,26,34,36,24,69,-1,-1,-1,-1,-1,-1,-1,-1,-1,-1,-1,-1,-1,-1,-1,-1,-1,-1,-1,29,29,27,27,27,27,24,24,24,24,24,22,22,22,22,30,30,30,30,30,31,26,36,32,28,24,23,26,30,34,37,35,31,27,24,36,37,38,39,40
114,大斗金,21,0,6,-1,-1,-1,-1,-1,-1,0,-1,-1,-1,-1,-1,34,35,35,35,35,35,28,28,26,34,36,24,62,-1,-1,-1,-1,-1,-1,-1,-1,-1,-1,-1,-1,-1,-1,-1,-1,-1,-1,-1,29,29,27,27,27,27,24,24,24,24,24,22,22,22,22,30,30,30,30,30,31,26,36,32,28,24,23,26,30,34,37,35,31,27,24,36,37,38,39,40
115,大斗W,21,0,6,-1,-1,-1,-1,-1,-1,0,-1,-1,-1,-1,-1,34,35,35,35,35,35,28,28,26,34,36,24,60,-1,-1,-1,-1,-1,-1,-1,-1,-1,-1,-1,-1,-1,-1,-1,-1,-1,-1,-1,29,29,27,27,27,27,24,24,24,24,24,22,22,22,22,30,30,30,30,30,31,26,36,32,28,24,23,26,30,34,37,35,31,27,24,36,37,38,39,40
116,大斗周,21,0,6,-1,-1,-1,-1,-1,-1,0,-1,-1,-1,-1,-1,34,35,35,35,35,35,28,28,26,34,36,24,64,-1,-1,-1,-1,-1,-1,-1,-1,-1,-1,-1,-1,-1,-1,-1,-1,-1,-1,-1,29,29,27,27,27,27,24,24,24,24,24,22,22,22,22,30,30,30,30,30,31,26,36,32,28,24,23,26,30,34,37,35,31,27,24,36,37,38,39,40
117,大斗王,21,0,6,-1,-1,-1,-1,-1,-1,0,-1,-1,-1,-1,-1,34,35,35,35,35,35,28,28,26,34,36,24,129,-1,-1,-1,-1,-1,-1,-1,-1,-1,-1,-1,-1,-1,-1,-1,-1,-1,-1,-1,29,29,27,27,27,27,24,24,24,24,24,22,22,22,22,30,30,30,30,30,31,26,36,32,28,24,23,26,30,34,37,35,31,27,24,36,37,38,39,40
118,大斗,21,0,6,-1,-1,-1,-1,-1,-1,0,-1,-1,-1,-1,-1,34,35,35,35,35,35,28,28,26,34,36,24,5,-1,-1,-1,-1,-1,-1,-1,-1,-1,-1,-1,-1,-1,-1,-1,-1,-1,-1,-1,29,29,27,27,27,27,24,24,24,24,24,22,22,22,22,30,30,30,30,30,31,26,36,32,28,24,23,26,30,34,37,35,31,27,24,36,37,38,39,40
119,大斗S,21,0,6,-1,-1,-1,-1,-1,-1,0,-1,-1,-1,-1,-1,34,35,35,35,35,35,28,28,26,34,36,24,57,-1,-1,-1,-1,-1,-1,-1,-1,-1,-1,-1,-1,-1,-1,-1,-1,-1,-1,-1,29,29,27,27,27,27,24,24,24,24,24,22,22,22,22,30,30,30,30,30,31,26,36,32,28,24,23,26,30,34,37,35,31,27,24,36,37,38,39,40
120,大斗唐,21,0,6,-1,-1,-1,-1,-1,-1,0,-1,-1,-1,-1,-1,34,35,35,35,35,35,28,28,26,34,36,24,13,-1,-1,-1,-1,-1,-1,-1,-1,-1,-1,-1,-1,-1,-1,-1,-1,-1,-1,-1,29,29,27,27,27,27,24,24,24,24,24,22,22,22,22,30,30,30,30,30,31,26,36,32,28,24,23,26,30,34,37,35,31,27,24,36,37,38,39,40
121,大斗唐,21,0,6,-1,-1,-1,-1,-1,-1,0,-1,-1,-1,-1,-1,34,35,35,35,35,35,28,28,26,34,36,24,55,-1,-1,-1,-1,-1,-1,-1,-1,-1,-1,-1,-1,-1,-1,-1,-1,-1,-1,-1,29,29,27,27,27,27,24,24,24,24,24,22,22,22,22,30,30,30,30,30,31,26,36,32,28,24,23,26,30,34,37,35,31,27,24,36,37,38,39,40
122,大斗唐,21,0,6,-1,-1,-1,-1,-1,-1,0,-1,-1,-1,-1,-1,34,35,35,35,35,35,28,28,26,34,36,24,62,-1,-1,-1,-1,-1,-1,-1,-1,-1,-1,-1,-1,-1,-1,-1,-1,-1,-1,-1,29,29,27,27,27,27,24,24,24,24,24,22,22,22,22,30,30,30,30,30,31,26,36,32,28,24,23,26,30,34,37,35,31,27,24,36,37,38,39,40
123,大斗唐,21,0,6,-1,-1,-1,-1,-1,-1,0,-1,-1,-1,-1,-1,34,35,35,35,35,35,28,28,26,34,36,24,67,-1,-1,-1,-1,-1,-1,-1,-1,-1,-1,-1,-1,-1,-1,-1,-1,-1,-1,-1,29,29,27,27,27,27,24,24,24,24,24,22,22,22,22,30,30,30,30,30,31,26,36,32,28,24,23,26,30,34,37,35,31,27,24,36,37,38,39,40
124,大斗唐,21,0,6,-1,-1,-1,-1,-1,-1,0,-1,-1,-1,-1,-1,34,35,35,35,35,35,28,28,26,34,36,24,70,-1,-1,-1,-1,-1,-1,-1,-1,-1,-1,-1,-1,-1,-1,-1,-1,-1,-1,-1,29,29,27,27,27,27,24,24,24,24,24,22,22,22,22,30,30,30,30,30,31,26,36,32,28,24,23,26,30,34,37,35,31,27,24,36,37,38,39,40
125,大斗唐,21,0,6,-1,-1,-1,-1,-1,-1,0,-1,-1,-1,-1,-1,34,35,35,35,35,35,28,28,26,34,36,24,71,-1,-1,-1,-1,-1,-1,-1,-1,-1,-1,-1,-1,-1,-1,-1,-1,-1,-1,-1,29,29,27,27,27,27,24,24,24,24,24,22,22,22,22,30,30,30,30,30,31,26,36,32,28,24,23,26,30,34,37,35,31,27,24,36,37,38,39,40
126,大斗唐,21,0,7,-1,-1,-1,-1,-1,-1,0,-1,-1,-1,-1,-1,34,35,35,35,35,35,28,28,26,34,36,24,26,-1,-1,-1,-1,-1,-1,-1,-1,-1,-1,-1,-1,-1,-1,-1,-1,-1,-1,-1,29,29,27,27,27,27,24,24,24,24,24,22,22,22,22,30,30,30,30,30,31,26,36,32,28,24,23,26,30,34,37,35,31,27,24,36,37,38,39,40
127,大斗唐,21,0,7,-1,-1,-1,-1,-1,-1,0,-1,-1,-1,-1,-1,34,35,35,35,35,35,28,28,26,34,36,24,57,-1,-1,-1,-1,-1,-1,-1,-1,-1,-1,-1,-1,-1,-1,-1,-1,-1,-1,-1,29,29,27,27,27,27,24,24,24,24,24,22,22,22,22,30,30,30,30,30,31,26,36,32,28,24,23,26,30,34,37,35,31,27,24,36,37,38,39,40
128,日本忍者,31,0,7,-1,-1,-1,-1,-1,-1,-1,-1,-1,-1,-1,-1,34,35,35,35,35,35,28,28,26,34,36,24,497,498,499,500,501,503,504,505,508,509,510,511,512,513,514,553,-1,-1,-1,-1,29,29,27,27,27,27,24,24,24,24,24,22,22,22,22,30,30,30,30,30,31,26,36,32,28,24,23,26,30,34,37,35,31,27,24,36,37,38,39,40
129,日本客,31,0,7,-1,-1,-1,-1,-1,-1,-1,-1,-1,-1,-1,-1,34,35,35,35,35,35,28,28,26,34,36,24,518,536,535,534,533,532,531,530,529,528,527,526,525,524,523,522,521,520,516,517,29,29,27,27,27,27,24,24,24,24,24,22,22,22,22,30,30,30,30,30,31,26,36,32,28,24,23,26,30,34,37,35,31,27,24,36,37,38,39,40
130,日本大名,31,0,7,-1,-1,-1,-1,-1,-1,-1,-1,-1,-1,-1,-1,34,35,35,35,35,35,28,28,26,34,36,24,557,556,555,554,537,552,551,550,549,548,547,546,545,544,543,542,541,539,538,540,29,29,27,27,27,27,24,24,24,24,24,22,22,22,22,30,30,30,30,30,31,26,36,32,28,24,23,26,30,34,37,35,31,27,24,36,37,38,39,40
131,日本鸱,31,0,7,-1,-1,-1,-1,-1,-1,-1,-1,-1,-1,-1,-1,34,35,35,35,35,35,28,28,26,34,36,24,577,576,575,574,573,572,571,570,569,568,567,566,565,564,563,562,561,560,559,558,22,29,27,27,27,27,24,24,24,24,24,22,22,22,22,30,30,30,30,30,35,26,36,32,28,24,23,26,30,34,37,36,31,27,24,36,37,38,39,40
132,鹗中慧,4,0,5,0,29,-1,-1,-1,-1,-1,-1,-1,-1,-1,-1,25,24,25,24,25,24,27,27,28,28,25,25,77,-1,-1,-1,-1,-1,-1,-1,-1,-1,-1,-1,-1,-1,-1,-1,-1,-1,-1,-1,22,27,25,25,24,24,27,22,22,27,25,30,30,30,30,30,30,30,30,30,27,27,24,30,30,24,26,26,28,28,19,32,33,34,35,36,37,38,39,40
133,十大喝,21,0,7,0,-1,-1,-1,-1,-1,-1,-1,-1,-1,-1,-1,30,30,30,30,30,30,30,32,34,28,26,24,71,67,62,60,103,26,22,19,157,158,159,162,163,150,98,-1,-1,-1,-1,-1,27,27,27,27,27,27,27,33,33,33,33,33,33,33,30,30,30,30,30,30,26,24,28,30,32,34,36,36,34,32,30,28,26,24,36,36,37,38,39,40
134,十大善人,21,0,7,0,-1,-1,-1,-1,-1,-1,-1,-1,-1,-1,-1,30,30,30,30,30,30,30,32,34,24,28,26,129,5,50,189,57,64,68,69,70,123,124,125,126,169,170,-1,-1,-1,-1,-1,27,27,27,27,27,27,27,33,33,33,33,33,33,33,30,30,30,30,30,30,26,28,24,30,32,34,36,24,26,28,30,32,34,36,36,36,37,38,39,40
135,鹄项B童,11,0,6,-1,-1,-1,-1,-1,-1,-1,-1,-1,-1,-1,-1,29,30,30,31,31,32,24,27,21,19,29,24,64,-1,-1,-1,-1,-1,-1,-1,-1,-1,-1,-1,-1,-1,-1,-1,-1,-1,-1,-1,23,26,28,24,24,28,24,28,24,26,25,30,30,30,30,30,30,30,30,30,24,21,24,24,26,21,21,26,26,28,19,32,33,34,35,36,37,38,39,40
136,鹋_,48,0,7,-1,-1,-1,-1,-1,-1,-1,-1,-1,-1,-1,-1,29,28,28,30,30,31,24,23,25,23,25,24,139,150,86,-1,-1,-1,-1,-1,-1,-1,-1,-1,-1,-1,-1,-1,-1,-1,-1,-1,23,23,23,27,27,27,24,24,24,24,24,22,22,22,22,30,30,30,30,30,23,24,25,32,28,24,23,26,30,34,37,35,31,27,24,36,37,38,39,40
137,鹗半和,17,0,7,-1,-1,-1,-1,-1,-1,-1,-1,-1,-1,-1,-1,33,33,33,33,33,33,42,40,38,36,34,37,189,-1,-1,-1,-1,-1,-1,-1,-1,-1,-1,-1,-1,-1,-1,-1,-1,-1,-1,-1,28,29,27,27,27,27,24,24,24,24,24,22,22,22,22,30,30,30,30,30,38,26,36,32,28,24,23,26,30,34,37,35,31,27,24,36,37,38,39,40
138,t花一,27,0,7,-1,-1,-1,-1,-1,-1,-1,-1,-1,-1,-1,-1,28,28,28,30,30,30,21,23,25,21,23,25,75,-1,-1,154,155,156,-1,-1,-1,-1,-1,-1,-1,-1,-1,-1,-1,-1,-1,-1,24,24,24,24,24,24,24,24,24,24,24,22,22,22,22,30,30,30,30,30,17,19,21,23,25,27,29,26,30,34,37,35,31,27,24,36,37,38,39,40
139,t花二,15,0,7,-1,-1,-1,-1,-1,-1,-1,-1,-1,-1,-1,-1,22,23,22,23,21,21,29,29,28,28,29,28,75,153,152,154,155,156,-1,-1,-1,-1,-1,-1,-1,-1,-1,-1,-1,-1,-1,-1,16,18,16,16,18,18,24,24,24,24,24,22,22,22,22,30,30,30,30,30,34,34,25,28,25,28,23,26,30,34,37,35,31,27,24,36,37,38,39,40
140,t花三,11,0,5,-1,-1,-1,-1,-1,-1,-1,-1,-1,-1,-1,-1,30,31,32,33,29,28,27,27,27,27,27,27,152,154,74,153,75,155,156,-1,-1,-1,-1,-1,-1,-1,-1,-1,-1,-1,-1,-1,24,22,22,24,24,22,22,31,34,32,32,20,20,19,19,17,15,15,30,30,26,26,24,22,24,28,27,38,38,42,34,26,23,19,16,18,19,16,39,40
141,突羟嗤,27,0,7,-1,-1,-1,-1,-1,-1,-1,-1,-1,-1,-1,-1,28,28,28,30,30,30,21,23,25,21,23,25,-1,446,445,441,443,442,-1,-1,-1,-1,-1,-1,-1,-1,-1,-1,-1,-1,-1,-1,24,24,24,24,24,24,24,24,24,24,24,22,22,22,22,30,30,30,30,30,17,19,21,23,25,27,29,26,30,34,37,35,31,27,24,36,37,38,39,40
142,救文泰,15,0,7,-1,-1,-1,-1,-1,-1,-1,-1,-1,-1,-1,-1,22,23,22,23,21,21,29,29,28,28,29,28,80,450,449,448,447,446,445,444,443,442,441,-1,-1,-1,-1,-1,-1,-1,-1,-1,16,18,16,16,18,18,19,17,19,17,19,22,22,22,22,30,30,30,30,30,34,34,25,28,25,28,27,31,31,33,33,35,31,27,24,36,37,38,39,40
143,召重,11,0,5,-1,-1,-1,-1,-1,-1,0,-1,-1,-1,-1,-1,30,31,32,33,29,28,27,27,27,27,27,27,80,-1,-1,-1,-1,-1,-1,-1,-1,-1,-1,-1,-1,-1,-1,-1,-1,-1,-1,-1,24,22,22,24,24,22,22,31,34,32,32,20,20,19,19,17,15,15,30,30,26,26,24,22,24,28,27,38,38,42,34,26,23,19,16,18,19,16,39,40
144,痍家洛,11,0,5,-1,-1,-1,-1,-1,-1,0,-1,-1,-1,-1,-1,30,31,32,33,29,28,27,27,27,27,27,27,75,-1,-1,-1,-1,-1,-1,-1,-1,-1,-1,-1,-1,-1,-1,-1,-1,-1,-1,-1,24,22,22,24,24,22,22,31,34,32,32,20,20,19,19,17,15,15,30,30,26,26,24,22,24,28,27,38,38,42,34,26,23,19,16,18,19,16,39,40
145,鹬扉Lg,4,0,5,-1,-1,-1,-1,-1,-1,-1,-1,-1,-1,-1,-1,25,24,25,24,25,24,27,27,28,28,25,25,81,165,-1,-1,-1,-1,-1,-1,-1,-1,-1,-1,-1,-1,-1,-1,-1,-1,-1,-1,22,23,25,25,24,24,27,22,22,27,25,30,30,30,30,30,30,30,30,30,27,27,24,30,30,24,26,26,28,28,19,32,33,34,35,36,37,38,39,40
146,鹄,19,0,6,-1,9,-1,-1,-1,-1,-1,-1,-1,-1,-1,-1,30,32,32,32,32,32,37,41,39,37,35,33,7,166,340,342,344,346,348,-1,-1,-1,-1,-1,-1,-1,-1,-1,-1,-1,-1,-1,25,25,25,25,25,25,25,18,18,18,25,30,30,30,30,30,30,30,30,30,36,38,43,40,34,32,30,31,24,20,19,32,33,34,35,36,37,38,39,40
147,鹑A山,19,0,6,-1,9,-1,-1,-1,-1,-1,-1,-1,-1,-1,-1,30,32,32,32,32,32,37,41,39,37,35,33,107,108,109,363,365,360,364,362,-1,-1,-1,-1,-1,-1,-1,-1,-1,-1,-1,-1,25,25,25,25,25,25,25,25,21,18,22,-1,-1,-1,-1,-1,-1,-1,-1,-1,44,42,40,38,36,34,32,30,21,21,34,-1,-1,-1,-1,-1,-1,-1,-1,-1
148,疳轻,19,0,7,-1,9,-1,-1,-1,-1,-1,-1,-1,-1,-1,-1,33,33,33,33,33,33,35,38,41,32,44,29,167,168,8,356,357,358,352,-1,-1,-1,-1,-1,-1,-1,-1,-1,-1,-1,-1,-1,27,27,27,27,27,27,25,23,25,23,25,23,25,23,25,23,25,23,30,30,35,38,41,32,44,29,35,35,38,38,41,41,32,32,44,44,29,29,39,40
149,翁艨招,19,0,7,-1,-1,-1,-1,-1,-1,0,-1,-1,-1,-1,-1,33,33,33,33,33,33,35,38,41,32,44,29,170,-1,-1,-1,-1,-1,-1,-1,-1,-1,-1,-1,-1,-1,-1,-1,-1,-1,-1,-1,27,27,27,27,27,27,25,23,25,23,25,23,25,23,25,23,25,23,30,30,35,38,41,32,44,29,35,35,38,38,41,41,32,32,44,44,29,29,39,40
150,翁缃^,19,0,7,-1,-1,-1,-1,-1,-1,0,-1,-1,-1,-1,-1,33,33,33,33,33,33,35,38,41,32,44,29,6,-1,-1,-1,-1,-1,-1,-1,-1,-1,-1,-1,-1,-1,-1,-1,-1,-1,-1,-1,27,27,27,27,27,27,25,23,25,23,25,23,25,23,25,23,25,23,30,30,35,38,41,32,44,29,35,35,38,38,41,41,32,32,44,44,29,29,39,40
151,火蟾,28,0,7,-1,-1,-1,-1,-1,-1,-1,-1,-1,-1,-1,-1,36,27,27,28,28,28,35,39,40,38,39,40,440,-1,-1,-1,-1,-1,-1,-1,-1,-1,-1,-1,-1,-1,-1,-1,-1,-1,-1,-1,41,27,27,27,27,27,25,23,25,23,25,23,25,23,25,23,25,23,30,30,37,38,41,32,44,29,35,35,38,38,41,41,32,32,44,44,29,29,39,40
152,玑轻,5,0,6,-1,-1,-1,-1,-1,-1,0,10,13,-1,-1,-1,29,31,33,32,34,35,20,23,26,20,23,20,8,168,167,350,351,352,353,354,355,356,357,358,359,-1,-1,-1,-1,-1,-1,-1,22,18,22,18,22,18,21,18,21,18,22,21,21,-1,-1,-1,-1,-1,-1,-1,36,36,33,33,30,30,24,24,21,21,34,35,33,-1,-1,-1,-1,-1,-1,-1
153,缛A山,5,0,6,-1,-1,-1,-1,-1,-1,0,10,13,-1,-1,-1,29,31,33,32,34,35,20,23,26,20,23,20,8,168,167,109,107,108,360,361,362,356,357,358,359,363,364,365,366,367,368,369,22,18,22,18,22,18,21,18,21,18,22,21,21,21,22,23,24,25,26,27,36,36,33,33,30,30,24,24,21,21,34,35,33,34,35,36,37,38,39,40
154,缍脶,5,0,6,-1,-1,-1,-1,-1,-1,0,10,13,-1,-1,-1,27,27,27,26,26,26,29,28,26,29,28,27,8,168,167,109,107,108,6,339,338,356,357,358,355,337,336,335,366,367,368,365,22,18,22,18,22,18,21,18,21,18,22,21,21,21,22,18,30,30,30,30,36,36,33,33,30,30,24,24,21,21,34,35,33,34,37,25,25,34,30,21
155,缋,5,0,6,-1,-1,-1,-1,-1,-1,0,10,13,-1,-1,-1,29,31,33,32,34,35,20,23,26,20,23,20,7,166,340,341,342,343,344,345,346,347,348,349,-1,-1,-1,-1,-1,-1,-1,-1,22,18,22,18,22,18,21,18,21,18,22,22,-1,-1,-1,-1,-1,-1,-1,-1,36,36,33,33,30,30,24,24,21,21,34,35,-1,-1,-1,-1,-1,-1,-1,-1
156,鸾鸹,4,0,5,-1,-1,-1,-1,-1,-1,-1,-1,-1,-1,-1,-1,25,24,25,24,25,24,27,27,28,28,25,25,15,-1,-1,-1,-1,-1,-1,-1,-1,-1,-1,-1,-1,-1,-1,-1,-1,-1,-1,-1,22,27,25,25,24,24,27,22,22,27,25,30,30,30,30,30,30,30,30,30,27,27,24,30,30,24,26,26,28,28,19,32,33,34,35,36,37,38,39,40
157,鸷渭t,17,0,5,-1,91,-1,-1,-1,-1,-1,-1,-1,-1,-1,-1,17,16,18,17,16,18,17,17,17,18,18,18,176,-1,-1,-1,-1,-1,-1,-1,-1,-1,-1,-1,-1,-1,-1,-1,-1,-1,-1,-1,20,27,25,25,24,24,27,22,22,27,25,30,30,30,30,30,30,30,30,30,25,27,24,30,30,24,26,26,28,28,19,32,33,34,35,36,37,38,39,40
158,x,22,0,5,-1,-1,-1,-1,-1,-1,0,-1,-1,-1,-1,-1,25,25,25,24,24,24,24,23,25,24,23,25,180,181,-1,-1,-1,-1,-1,-1,-1,-1,-1,-1,-1,-1,-1,-1,-1,-1,-1,-1,20,21,25,25,24,24,27,22,22,27,25,30,30,30,30,30,30,30,30,30,25,25,24,30,30,24,26,26,28,28,19,32,33,34,35,36,37,38,39,40
159,鹈和,22,0,5,-1,-1,-1,-1,-1,-1,0,-1,-1,-1,-1,-1,25,25,25,24,24,24,24,23,25,24,23,25,183,-1,-1,-1,-1,-1,-1,-1,-1,-1,-1,-1,-1,-1,-1,-1,-1,-1,-1,-1,20,21,25,25,24,24,27,22,22,27,25,30,30,30,30,30,30,30,30,30,25,25,24,30,30,24,26,26,28,28,19,32,33,34,35,36,37,38,39,40
160,救金,22,0,5,-1,-1,-1,-1,-1,-1,-1,-1,-1,-1,-1,-1,25,25,25,24,24,21,24,23,25,24,23,28,183,181,182,180,178,177,179,-1,-1,-1,-1,-1,-1,-1,-1,-1,-1,-1,-1,-1,20,21,22,23,24,24,20,22,22,27,25,30,30,30,30,30,30,30,30,30,25,25,24,30,30,28,29,26,28,28,19,32,33,34,35,36,37,38,39,40
161,挑玉真子,24,0,5,-1,-1,-1,-1,-1,-1,0,-1,-1,-1,-1,-1,25,25,25,24,24,24,24,23,25,24,23,25,184,-1,-1,-1,-1,-1,-1,-1,-1,-1,-1,-1,-1,-1,-1,-1,-1,-1,-1,-1,20,21,25,25,24,24,27,22,22,27,25,30,30,30,30,30,30,30,30,30,25,25,24,30,30,24,26,26,28,28,19,32,33,34,35,36,37,38,39,40
162,斗五仙教,1,0,5,-1,-1,-1,-1,-1,-1,-1,-1,-1,-1,-1,-1,30,30,30,31,31,31,24,22,26,24,22,26,226,227,228,229,230,225,224,83,223,222,221,-1,-1,-1,-1,-1,-1,-1,-1,-1,24,24,24,21,21,21,21,21,24,24,31,31,31,31,31,31,31,31,31,31,24,22,26,24,22,26,20,28,20,28,31,32,33,34,35,36,37,38,39,40
163,五仙教,1,0,5,-1,-1,-1,-1,-1,-1,-1,-1,-1,-1,-1,-1,30,30,30,31,31,31,24,22,26,24,22,26,226,227,228,229,230,225,224,221,223,222,-1,-1,-1,-1,-1,-1,-1,-1,-1,-1,24,24,24,21,21,21,21,21,24,24,31,31,31,31,31,31,31,31,31,31,24,22,26,24,22,26,20,28,20,28,31,32,33,34,35,36,37,38,39,40
164,挑何F手,1,0,5,-1,-1,-1,-1,-1,-1,0,-1,-1,-1,-1,-1,30,30,30,31,31,31,24,22,26,24,22,26,83,-1,-1,-1,-1,-1,-1,-1,-1,-1,-1,-1,-1,-1,-1,-1,-1,-1,-1,-1,24,24,24,21,21,21,21,21,24,24,31,31,31,31,31,31,31,31,31,31,24,22,26,24,22,26,20,28,20,28,31,32,33,34,35,36,37,38,39,40
165,斗穆人清,24,0,5,-1,-1,-1,-1,-1,-1,-1,-1,-1,-1,-1,-1,23,25,23,25,25,23,29,30,30,29,28,28,185,186,187,188,182,183,54,91,-1,-1,-1,-1,-1,-1,-1,-1,-1,-1,-1,-1,21,21,27,23,24,27,21,27,22,27,25,30,30,30,30,30,30,30,30,30,28,27,29,32,32,27,29,28,28,28,19,32,33,34,35,36,37,38,39,40
166,丁氏T人,1,0,5,-1,-1,-1,-1,-1,-1,-1,-1,-1,-1,-1,-1,30,30,30,33,33,33,24,22,26,24,22,26,457,456,455,-1,-1,-1,-1,-1,-1,-1,-1,-1,-1,-1,-1,-1,-1,-1,-1,-1,24,24,24,21,21,21,21,21,24,24,31,31,31,31,31,31,31,31,31,31,24,22,26,24,22,26,20,28,20,28,31,32,33,34,35,36,37,38,39,40
167,P|四T,4,0,5,-1,-1,-1,-1,-1,-1,-1,-1,-1,-1,-1,-1,30,30,30,33,33,33,24,22,26,24,22,26,454,453,452,451,-1,-1,-1,-1,-1,-1,-1,-1,-1,-1,-1,-1,-1,-1,-1,-1,24,24,24,21,21,21,21,21,24,24,31,31,31,31,31,31,31,31,31,31,24,22,26,24,22,26,20,28,20,28,31,32,33,34,35,36,37,38,39,40
168,丁氏兄弟,24,0,5,-1,-1,-1,-1,-1,-1,-1,-1,-1,-1,-1,-1,30,30,30,33,33,33,24,22,26,24,22,26,162,163,-1,-1,-1,-1,-1,-1,-1,-1,-1,-1,-1,-1,-1,-1,-1,-1,-1,-1,24,24,24,21,21,21,21,21,24,24,31,31,31,31,31,31,31,31,31,31,24,22,26,24,22,26,20,28,20,28,31,32,33,34,35,36,37,38,39,40
169,三李四,20,0,6,-1,-1,-1,-1,-1,-1,-1,-1,-1,-1,-1,-1,33,34,34,35,35,35,27,25,30,27,29,24,41,42,-1,-1,-1,-1,-1,-1,-1,-1,-1,-1,-1,-1,-1,-1,-1,-1,-1,-1,29,29,29,29,29,27,27,27,27,27,25,30,30,30,30,30,30,30,30,30,27,29,31,25,23,27,29,31,25,23,19,32,33,34,35,36,37,38,39,40
170,木u主,17,0,5,-1,-1,-1,-1,-1,-1,-1,-1,-1,-1,-1,-1,22,22,22,19,19,19,36,32,40,36,32,40,39,40,41,42,38,-1,-1,-1,-1,-1,-1,-1,-1,-1,-1,-1,-1,-1,-1,-1,15,17,17,15,15,20,28,31,34,32,32,20,20,19,19,17,15,15,30,30,30,37,35,31,40,29,38,38,38,42,34,26,23,19,16,18,19,16,39,40
171,一鹞鞫,26,0,6,-1,-1,-1,-1,-1,-1,-1,-1,-1,-1,-1,-1,32,27,37,29,32,35,20,20,20,18,18,18,60,-1,-1,-1,-1,-1,-1,-1,-1,-1,-1,-1,-1,-1,-1,-1,-1,-1,-1,-1,32,29,29,29,29,27,27,27,27,27,25,30,30,30,30,30,30,30,30,30,36,29,31,25,23,27,29,31,25,23,19,32,33,34,35,36,37,38,39,40
172,二鹞鞫,44,0,5,-1,-1,-1,-1,-1,-1,0,-1,-1,-1,-1,-1,34,32,32,31,31,31,24,21,29,26,24,22,60,-1,-1,-1,-1,-1,-1,-1,-1,-1,-1,-1,-1,-1,-1,-1,-1,-1,-1,-1,34,26,21,21,19,18,16,16,22,22,30,30,30,30,30,30,30,30,30,30,21,21,19,27,26,20,22,25,25,21,31,32,33,34,35,36,37,38,39,40
173,三鹞鞫,44,0,5,-1,-1,-1,-1,-1,-1,0,64,-1,-1,-1,-1,34,32,32,31,31,31,24,22,29,26,24,22,60,-1,-1,-1,-1,-1,-1,-1,-1,-1,-1,-1,-1,-1,-1,-1,-1,-1,-1,-1,34,26,21,21,19,18,16,16,22,22,30,30,30,30,30,30,30,30,30,30,21,21,19,27,26,20,22,25,25,21,31,32,33,34,35,36,37,38,39,40
174,四鹞鞫,44,0,5,-1,-1,-1,-1,-1,-1,0,64,57,-1,-1,-1,34,32,35,31,31,31,24,22,25,26,24,22,60,-1,-1,-1,-1,-1,-1,-1,-1,-1,-1,-1,-1,-1,-1,-1,-1,-1,-1,-1,34,26,21,21,19,18,16,16,22,22,30,30,30,30,30,30,30,30,30,30,21,21,19,27,26,20,22,25,25,21,31,32,33,34,35,36,37,38,39,40
175,五鹞鞫,1,0,6,-1,-1,-1,-1,-1,-1,-1,-1,-1,-1,-1,-1,30,30,30,33,33,33,24,22,26,24,22,26,67,60,-1,-1,-1,-1,-1,-1,-1,-1,-1,-1,-1,-1,-1,-1,-1,-1,-1,-1,24,24,24,21,21,21,21,21,24,24,31,31,31,31,31,31,31,31,31,31,24,22,26,24,22,26,20,28,20,28,31,32,33,34,35,36,37,38,39,40
176,六鹞鞫,45,0,5,-1,-1,-1,-1,-1,-1,-1,-1,-1,-1,-1,-1,43,43,43,41,41,41,27,25,29,29,25,27,60,67,416,410,418,411,417,412,413,414,415,-1,-1,-1,-1,-1,-1,-1,-1,-1,39,39,43,43,41,41,45,45,45,39,43,30,30,30,30,30,30,30,30,30,27,26,24,30,30,24,26,27,28,28,21,32,33,34,35,36,37,38,39,40
177,挑王重,45,0,5,-1,-1,-1,-1,-1,-1,0,-1,-1,-1,-1,-1,42,24,25,24,25,24,31,27,28,28,25,25,129,-1,-1,-1,-1,-1,-1,-1,-1,-1,-1,-1,-1,-1,-1,-1,-1,-1,-1,-1,42,27,25,25,24,24,27,22,22,27,25,30,30,30,30,30,30,30,30,30,22,27,24,30,30,24,26,26,28,28,19,32,33,34,35,36,37,38,39,40
178,W克,44,0,5,-1,-1,-1,-1,-1,-1,-1,-1,-1,-1,-1,-1,34,31,35,34,31,31,21,21,24,27,24,27,61,-1,-1,-1,-1,-1,-1,-1,-1,-1,-1,-1,-1,-1,-1,-1,-1,-1,-1,-1,33,26,21,21,19,18,16,16,22,22,30,30,30,30,30,30,30,30,30,30,23,21,19,27,26,20,22,25,25,21,31,32,33,34,35,36,37,38,39,40
179,O人,1,0,6,-1,-1,-1,-1,-1,-1,-1,-1,-1,-1,-1,-1,30,30,30,33,33,33,24,22,26,24,22,26,119,-1,-1,-1,-1,-1,-1,-1,-1,-1,-1,-1,-1,-1,-1,-1,-1,-1,-1,-1,24,24,24,21,21,21,21,21,24,24,31,31,31,31,31,31,31,31,31,31,24,22,26,24,22,26,20,28,20,28,31,32,33,34,35,36,37,38,39,40
180,樵子,1,0,6,-1,-1,-1,-1,-1,-1,-1,-1,-1,-1,-1,-1,30,30,30,33,33,33,24,22,26,24,22,26,120,-1,-1,-1,-1,-1,-1,-1,-1,-1,-1,-1,-1,-1,-1,-1,-1,-1,-1,-1,24,24,24,21,21,21,21,21,24,24,31,31,31,31,31,31,31,31,31,31,24,22,26,24,22,26,20,28,20,28,31,32,33,34,35,36,37,38,39,40
181,r夫,1,0,6,-1,-1,-1,-1,-1,-1,-1,-1,-1,-1,-1,-1,30,30,30,33,33,33,24,22,26,24,22,26,121,-1,-1,-1,-1,-1,-1,-1,-1,-1,-1,-1,-1,-1,-1,-1,-1,-1,-1,-1,24,24,24,21,21,21,21,21,24,24,31,31,31,31,31,31,31,31,31,31,24,22,26,24,22,26,20,28,20,28,31,32,33,34,35,36,37,38,39,40
182,生,1,0,6,-1,-1,-1,-1,-1,-1,-1,-1,-1,-1,-1,-1,30,30,30,33,33,33,24,22,26,24,22,26,122,-1,-1,-1,-1,-1,-1,-1,-1,-1,-1,-1,-1,-1,-1,-1,-1,-1,-1,-1,24,24,24,21,21,21,21,21,24,24,31,31,31,31,31,31,31,31,31,31,24,22,26,24,22,26,20,28,20,28,31,32,33,34,35,36,37,38,39,40
183,射雕二,45,0,5,-1,-1,-1,-1,-1,-1,-1,-1,-1,-1,-1,-1,26,26,25,27,25,27,35,37,34,34,38,38,68,128,123,127,124,125,126,300,299,64,-1,-1,-1,-1,-1,-1,-1,-1,-1,-1,22,30,26,25,26,22,22,25,30,26,25,30,30,30,30,30,30,30,30,30,35,35,32,40,40,36,37,32,37,28,19,32,33,34,35,36,37,38,39,40
184,射雕三,45,0,5,-1,-1,-1,-1,-1,-1,-1,-1,-1,-1,-1,-1,26,26,25,27,25,27,35,37,34,34,38,38,68,128,123,127,124,125,126,300,299,69,64,57,-1,-1,-1,-1,-1,-1,-1,-1,22,30,26,26,25,25,30,22,22,27,27,30,30,30,30,30,30,30,30,30,36,36,32,40,40,32,35,35,37,32,28,37,33,34,35,36,37,38,39,40
185,射雕四,45,0,5,-1,-1,-1,-1,-1,-1,-1,-1,-1,-1,-1,-1,26,26,25,27,25,27,35,37,34,34,38,38,68,128,123,127,124,125,126,300,299,69,64,57,129,-1,-1,-1,-1,-1,-1,-1,22,30,25,25,26,26,30,22,30,27,27,29,29,30,30,30,30,30,30,30,36,36,32,40,40,32,35,35,37,32,28,41,42,34,35,36,37,38,39,40
186,射雕中,45,0,5,-1,-1,-1,-1,-1,-1,-1,-1,-1,-1,-1,-1,26,26,25,27,25,27,35,37,34,34,38,38,68,128,123,127,124,125,126,300,299,64,69,65,57,-1,-1,-1,-1,-1,-1,-1,22,30,26,25,26,22,30,30,22,25,26,29,29,30,30,30,30,30,30,30,36,36,32,40,40,35,35,37,37,32,28,41,42,34,35,36,37,38,39,40
187,射雕一,45,0,5,-1,-1,-1,-1,-1,-1,-1,-1,-1,-1,-1,-1,26,26,27,25,25,27,35,37,34,34,38,38,68,128,123,127,124,125,126,300,299,291,292,293,294,295,296,297,298,-1,-1,-1,22,29,26,26,25,25,22,29,29,22,26,31,31,31,31,31,31,30,30,30,36,35,32,40,40,32,35,36,37,37,28,46,47,42,43,44,45,38,39,40
188,鸨必,46,0,6,-1,-1,-1,-1,-1,-1,0,61,-1,-1,-1,-1,31,30,30,33,33,33,34,29,26,24,22,26,69,-1,-1,-1,-1,-1,-1,-1,-1,-1,-1,-1,-1,-1,-1,-1,-1,-1,-1,-1,18,24,24,21,21,21,21,21,24,24,31,31,31,31,31,31,31,31,31,31,32,22,26,24,22,26,20,28,20,28,31,32,33,34,35,36,37,38,39,40
189,江南七怪,43,0,6,-1,-1,-1,-1,-1,-1,-1,-1,-1,-1,-1,-1,20,21,19,20,21,19,30,28,28,31,33,33,130,131,132,133,-1,135,134,136,-1,-1,-1,-1,-1,-1,-1,-1,-1,-1,-1,-1,24,16,24,16,22,16,24,20,21,18,22,-1,-1,-1,-1,-1,-1,-1,-1,-1,27,27,29,34,30,29,34,35,21,21,34,-1,-1,-1,-1,-1,-1,-1,-1,-1
190,救`,2,0,5,-1,-1,-1,-1,-1,-1,-1,-1,-1,-1,-1,-1,26,32,32,31,31,31,24,21,29,26,24,22,390,392,394,399,-1,-1,-1,-1,-1,-1,-1,-1,-1,-1,-1,-1,-1,-1,-1,-1,26,26,28,24,24,28,24,28,24,26,25,30,30,30,30,30,30,30,30,30,26,21,24,24,26,21,21,26,26,28,19,32,33,34,35,36,37,38,39,40
191,四大喝,2,0,5,-1,-1,-1,-1,-1,-1,-1,-1,-1,-1,-1,-1,26,32,32,31,31,31,24,21,29,26,24,22,98,99,44,100,-1,-1,-1,-1,-1,-1,-1,-1,-1,-1,-1,-1,-1,-1,-1,-1,26,26,28,24,24,28,24,28,24,26,25,30,30,30,30,30,30,30,30,30,26,21,24,24,26,21,21,26,26,28,19,32,33,34,35,36,37,38,39,40
192,聚tf一,40,0,6,-1,-1,-1,-1,-1,-1,0,50,-1,-1,-1,-1,31,31,33,32,34,35,27,30,26,20,23,20,110,111,-1,-1,-1,-1,-1,-1,-1,-1,-1,-1,-1,-1,-1,-1,-1,-1,-1,-1,29,29,22,18,22,18,21,18,21,18,22,-1,-1,-1,-1,-1,-1,-1,-1,-1,27,30,33,33,30,30,24,24,21,21,34,-1,-1,-1,-1,-1,-1,-1,-1,-1
193,聚tf二,40,0,6,-1,-1,-1,-1,-1,-1,0,50,-1,-1,-1,-1,31,31,33,32,34,35,27,30,26,20,23,20,110,111,45,-1,-1,-1,-1,-1,-1,-1,-1,-1,-1,-1,-1,-1,-1,-1,-1,-1,29,29,28,18,22,18,21,18,21,18,22,-1,-1,-1,-1,-1,-1,-1,-1,-1,27,30,33,33,30,30,24,24,21,21,34,-1,-1,-1,-1,-1,-1,-1,-1,-1
194,聚tf三,40,0,6,-1,-1,-1,-1,-1,-1,0,50,-1,-1,-1,-1,31,31,33,32,34,35,27,30,26,20,23,20,110,111,45,271,280,278,276,-1,-1,-1,-1,-1,-1,-1,-1,-1,-1,-1,-1,-1,29,29,28,31,33,35,37,18,21,18,22,-1,-1,-1,-1,-1,-1,-1,-1,-1,27,30,33,24,24,24,24,24,21,21,34,-1,-1,-1,-1,-1,-1,-1,-1,-1
195,聚tf四,40,0,6,-1,-1,-1,-1,-1,-1,0,50,-1,-1,-1,-1,31,31,33,32,34,35,27,30,26,20,23,20,110,111,45,271,280,278,276,408,404,402,409,-1,-1,-1,-1,-1,-1,-1,-1,-1,29,29,28,31,33,35,37,32,34,36,38,-1,-1,-1,-1,-1,-1,-1,-1,-1,27,30,33,24,24,24,24,33,33,33,33,-1,-1,-1,-1,-1,-1,-1,-1,-1
196,聚tf五,40,0,6,-1,-1,-1,-1,-1,-1,0,50,-1,-1,-1,-1,31,31,33,32,34,35,27,30,26,20,23,20,110,111,45,271,280,278,276,408,404,402,409,209,199,347,328,366,388,352,297,374,29,29,28,31,33,35,37,32,34,36,38,35,37,35,35,35,37,37,37,35,27,30,33,24,24,24,24,33,33,33,33,26,26,28,30,32,28,30,32,27
197,少林挑游,41,0,7,-1,-1,-1,-1,-1,-1,0,-1,-1,-1,-1,-1,56,32,32,32,32,32,38,31,28,25,22,19,-1,48,-1,-1,-1,-1,-1,-1,-1,-1,-1,-1,-1,-1,-1,-1,-1,-1,-1,-1,20,41,20,24,23,25,23,19,21,25,28,30,30,30,30,31,30,30,30,30,28,38,23,23,26,30,32,32,36,36,36,36,33,34,35,36,37,38,39,40
198,少林挑慕,41,0,7,-1,-1,-1,-1,-1,-1,0,-1,-1,-1,-1,-1,56,32,32,32,32,32,38,31,28,25,22,19,51,-1,-1,-1,-1,-1,-1,-1,-1,-1,-1,-1,-1,-1,-1,-1,-1,-1,-1,-1,41,21,20,24,23,25,23,19,21,25,28,30,30,30,30,31,30,30,30,30,38,20,23,23,26,30,32,32,36,36,36,36,33,34,35,36,37,38,39,40
199,鹩文,41,0,7,-1,-1,-1,-1,-1,-1,0,50,-1,-1,-1,-1,56,56,32,32,32,32,42,36,28,25,22,19,51,48,-1,-1,-1,-1,-1,-1,-1,-1,-1,-1,-1,-1,-1,-1,-1,-1,-1,-1,41,41,20,24,23,25,23,19,21,25,28,30,30,30,30,31,30,30,30,30,36,42,23,23,26,30,32,32,36,36,36,36,33,34,35,36,37,38,39,40
200,鹩文进F,41,0,7,-1,-1,-1,-1,-1,-1,0,50,-1,-1,-1,-1,56,56,32,32,32,32,42,37,28,25,22,19,51,48,103,-1,-1,-1,-1,-1,-1,-1,-1,-1,-1,-1,-1,-1,-1,-1,-1,-1,41,41,41,24,23,25,23,19,21,25,28,30,30,30,30,31,30,30,30,30,43,35,39,23,26,30,32,32,36,36,36,36,33,34,35,36,37,38,39,40
201,鸹舳,39,0,6,0,0,0,0,0,0,-1,-1,-1,-1,-1,-1,32,30,32,32,30,30,34,34,37,31,29,39,84,-1,-1,-1,-1,-1,-1,-1,-1,-1,-1,-1,-1,-1,-1,-1,-1,-1,-1,-1,20,15,18,21,21,21,17,17,13,13,13,30,30,30,30,30,30,30,30,30,34,29,29,29,34,24,25,33,34,24,34,32,33,34,35,36,37,38,39,40
202,鹄钋锼,24,0,6,-1,-1,-1,-1,-1,-1,-1,-1,-1,-1,-1,-1,34,29,34,34,31,31,29,29,32,26,25,33,118,-1,-1,-1,-1,-1,-1,-1,-1,-1,-1,-1,-1,-1,-1,-1,-1,-1,-1,-1,12,15,18,21,21,21,17,17,13,13,13,30,30,30,30,30,30,30,30,30,29,29,29,29,34,24,25,33,34,24,34,32,33,34,35,36,37,38,39,40
203,遇林平之,5,0,5,-1,-1,-1,-1,-1,-1,0,35,36,79,-1,-1,29,31,33,32,34,35,20,23,26,20,23,20,211,212,213,-1,-1,-1,-1,-1,-1,-1,-1,-1,-1,-1,-1,-1,-1,-1,-1,-1,27,27,27,18,22,18,21,18,21,18,22,-1,-1,-1,-1,-1,-1,-1,-1,-1,20,23,26,33,30,30,24,24,21,21,34,-1,-1,-1,-1,-1,-1,-1,-1,-1
204,挑令狐_,24,0,6,-1,-1,-1,-1,-1,-1,0,-1,-1,-1,-1,-1,34,29,34,34,31,31,29,29,32,26,25,33,35,-1,-1,-1,-1,-1,-1,-1,-1,-1,-1,-1,-1,-1,-1,-1,-1,-1,-1,-1,12,15,18,21,21,21,17,17,13,13,13,30,30,30,30,30,30,30,30,30,29,29,29,29,34,24,25,33,34,24,34,32,33,34,35,36,37,38,39,40
205,挑成不n,20,0,6,-1,-1,-1,-1,-1,-1,35,-1,-1,-1,-1,-1,33,34,34,35,35,35,27,25,30,27,29,24,141,-1,-1,-1,-1,-1,-1,-1,-1,-1,-1,-1,-1,-1,-1,-1,-1,-1,-1,-1,29,29,29,29,29,27,27,27,27,27,25,30,30,30,30,30,30,30,30,30,27,29,31,25,23,27,29,31,25,23,19,32,33,34,35,36,37,38,39,40
206,桃谷六仙,24,0,6,-1,-1,-1,-1,-1,-1,-1,-1,-1,-1,-1,-1,34,29,34,34,31,31,29,29,32,26,25,33,143,144,145,146,147,148,-1,-1,-1,-1,-1,-1,-1,-1,-1,-1,-1,-1,-1,-1,12,15,18,21,21,21,17,17,13,13,13,30,30,30,30,30,30,30,30,30,29,29,29,29,34,24,25,33,34,24,34,32,33,34,35,36,37,38,39,40
207,救A山派,2,0,7,-1,35,-1,-1,-1,-1,-1,-1,-1,-1,-1,-1,26,32,32,31,31,31,24,21,29,26,24,22,141,142,191,192,193,194,195,196,197,198,199,200,-1,-1,-1,-1,-1,-1,-1,-1,26,26,28,24,24,28,24,28,24,26,25,30,30,30,30,30,30,30,30,30,26,21,24,24,26,21,21,26,27,28,19,32,33,34,35,36,37,38,39,40
208,刀V,14,0,6,-1,-1,-1,-1,-1,-1,0,-1,-1,-1,-1,-1,31,31,33,32,34,35,27,30,26,20,23,20,460,-1,-1,-1,-1,-1,-1,-1,-1,-1,-1,-1,-1,-1,-1,-1,-1,-1,-1,-1,29,29,22,18,22,18,21,18,21,18,22,-1,-1,-1,-1,-1,-1,-1,-1,-1,27,30,33,33,30,30,24,24,21,21,34,-1,-1,-1,-1,-1,-1,-1,-1,-1
209,挑王元霸,14,0,6,-1,-1,-1,-1,-1,-1,0,-1,-1,-1,-1,-1,31,31,33,32,34,35,27,30,26,20,23,20,106,-1,-1,-1,-1,-1,-1,-1,-1,-1,-1,-1,-1,-1,-1,-1,-1,-1,-1,-1,29,29,22,18,22,18,21,18,21,18,22,-1,-1,-1,-1,-1,-1,-1,-1,-1,27,30,33,33,30,30,24,24,21,21,34,-1,-1,-1,-1,-1,-1,-1,-1,-1
210,救向天,24,0,6,0,35,-1,-1,-1,-1,-1,-1,-1,-1,-1,-1,27,25,27,27,29,29,30,30,32,26,29,31,206,207,240,236,199,195,217,220,238,236,235,334,377,378,387,385,232,335,231,370,22,22,22,22,22,22,22,25,27,25,27,30,30,30,30,30,30,30,30,30,30,28,26,29,34,24,32,24,24,34,34,25,26,27,28,29,30,31,32,33
211,鹑挝倚,50,0,6,-1,-1,-1,-1,-1,-1,0,-1,-1,-1,-1,-1,22,31,33,32,34,35,26,30,26,20,23,20,26,-1,-1,-1,-1,-1,-1,-1,-1,-1,-1,-1,-1,-1,-1,-1,-1,-1,-1,-1,22,29,22,18,22,18,21,18,21,18,22,-1,-1,-1,-1,-1,-1,-1,-1,-1,19,30,33,33,30,30,24,24,21,21,34,-1,-1,-1,-1,-1,-1,-1,-1,-1
212,木人巷一,29,0,7,-1,-1,-1,-1,-1,-1,0,-1,-1,-1,-1,-1,37,32,32,32,32,32,27,31,28,25,22,19,461,462,463,-1,-1,-1,-1,-1,-1,-1,-1,-1,-1,-1,-1,-1,-1,-1,-1,-1,34,34,34,24,23,25,23,19,21,25,28,30,30,30,30,31,30,30,30,30,29,27,25,23,26,30,32,32,36,36,36,36,33,34,35,36,37,38,39,40
213,木人巷二,29,0,7,-1,-1,-1,-1,-1,-1,0,-1,-1,-1,-1,-1,37,32,32,32,32,32,27,31,28,25,22,19,461,462,463,464,465,466,467,468,469,-1,-1,-1,-1,-1,-1,-1,-1,-1,-1,-1,34,34,34,32,32,32,30,30,30,28,28,28,26,26,26,24,24,24,30,30,29,27,25,29,27,25,29,27,25,29,27,25,29,27,25,29,27,25,39,40
214,木人巷三,29,0,7,-1,-1,-1,-1,-1,-1,0,-1,-1,-1,-1,-1,37,32,32,32,32,32,27,31,28,25,22,19,461,462,463,464,465,466,467,468,469,470,471,472,473,474,475,476,477,478,-1,-1,34,34,34,32,32,32,30,30,30,28,28,28,26,26,26,24,24,24,30,30,29,27,25,29,27,25,29,27,25,29,27,25,29,27,25,29,27,25,39,40
215,~人巷一,29,0,7,-1,-1,-1,-1,-1,-1,0,-1,-1,-1,-1,-1,37,32,32,32,32,32,27,31,28,25,22,19,479,480,481,-1,-1,-1,-1,-1,-1,-1,-1,-1,-1,-1,-1,-1,-1,-1,-1,-1,34,34,34,24,23,25,23,19,21,25,28,30,30,30,30,31,30,30,30,30,29,27,25,23,26,30,32,32,36,36,36,36,33,34,35,36,37,38,39,40
216,~人巷二,29,0,7,-1,-1,-1,-1,-1,-1,0,-1,-1,-1,-1,-1,37,32,32,32,32,32,27,31,28,25,22,19,479,480,481,482,483,484,485,486,487,-1,-1,-1,-1,-1,-1,-1,-1,-1,-1,-1,34,34,34,32,32,32,30,30,30,28,28,28,26,26,26,24,24,24,30,30,29,27,25,29,27,25,29,27,25,29,27,25,29,27,25,29,27,25,39,40
217,~人巷三,29,0,7,-1,-1,-1,-1,-1,-1,0,-1,-1,-1,-1,-1,37,32,32,32,32,32,27,31,28,25,22,19,479,480,481,482,483,484,485,486,487,488,489,490,491,492,493,494,495,496,-1,-1,34,34,34,32,32,32,30,30,30,28,28,28,26,26,26,24,24,24,30,30,29,27,25,29,27,25,29,27,25,29,27,25,29,27,25,29,27,25,39,40
218,救任盈盈,41,0,7,-1,-1,-1,-1,-1,-1,-1,-1,-1,-1,-1,-1,37,37,37,37,37,37,38,40,42,36,34,44,19,20,21,22,23,70,169,170,409,400,408,401,402,403,404,405,406,407,-1,-1,28,28,28,27,26,25,27,24,26,30,32,34,34,35,34,34,34,34,30,30,37,33,35,34,36,37,41,40,42,42,42,41,40,42,42,43,44,45,39,40
219,青城功,22,0,5,-1,-1,-1,-1,-1,-1,0,-1,-1,-1,-1,-1,27,29,32,21,27,29,23,20,20,19,30,32,211,-1,-1,-1,-1,-1,-1,-1,-1,-1,-1,-1,-1,-1,-1,-1,-1,-1,-1,-1,25,24,18,19,16,15,15,19,20,19,13,13,26,20,24,30,30,30,30,30,23,31,31,29,28,29,25,25,23,20,20,38,30,27,28,36,37,38,39,40
220,全真功,4,0,6,-1,-1,-1,-1,-1,-1,0,-1,-1,-1,-1,-1,25,24,25,24,25,24,27,27,28,28,25,25,291,-1,-1,-1,-1,-1,-1,-1,-1,-1,-1,-1,-1,-1,-1,-1,-1,-1,-1,-1,27,27,25,25,24,24,27,22,22,27,25,30,30,30,30,30,30,30,30,30,28,27,24,30,30,24,26,26,28,28,19,32,33,34,35,36,37,38,39,40
221,七星ψV,4,0,5,-1,-1,-1,-1,-1,-1,-1,-1,-1,-1,-1,-1,25,24,25,24,25,24,27,27,28,28,25,25,291,128,292,127,293,294,295,300,299,-1,-1,-1,-1,-1,-1,-1,-1,-1,-1,-1,22,27,25,25,24,24,27,22,22,27,25,30,30,30,30,30,30,30,30,30,27,27,24,30,30,24,26,26,28,28,19,32,33,34,35,36,37,38,39,40
222,J崆峒,5,0,5,-1,-1,-1,-1,-1,-1,-1,-1,-1,-1,-1,-1,32,32,32,34,34,34,20,18,22,20,18,22,350,351,352,-1,-1,-1,-1,-1,-1,-1,-1,-1,-1,-1,-1,-1,-1,-1,-1,-1,29,29,27,27,27,27,24,24,24,24,24,22,22,22,22,30,30,30,30,30,34,26,36,32,28,24,23,26,30,34,37,35,31,27,24,36,37,38,39,40
223,少林箱子,8,0,5,-1,-1,-1,-1,-1,-1,-1,-1,-1,-1,-1,-1,32,32,32,32,32,32,34,31,28,25,22,19,-1,170,-1,-1,-1,-1,408,-1,406,-1,404,403,402,401,400,-1,-1,-1,-1,-1,20,21,20,24,23,25,23,19,21,25,28,30,30,30,30,30,30,30,30,30,28,20,23,23,26,30,32,32,36,36,36,36,33,34,35,36,37,38,39,40
224,足球,32,0,7,-1,-1,-1,-1,-1,-1,-1,-1,-1,-1,-1,-1,29,32,32,35,35,35,24,27,21,30,24,18,588,587,586,585,584,583,581,582,580,579,578,-1,-1,-1,-1,-1,-1,-1,-1,-1,12,16,16,16,21,19,19,21,24,23,24,30,30,30,30,30,30,30,30,30,24,29,24,19,30,27,22,18,27,24,21,32,33,34,35,36,37,38,39,40
225,鹉谷,1,0,5,-1,-1,-1,-1,-1,-1,-1,-1,-1,-1,-1,-1,30,30,30,33,33,33,24,22,26,24,22,26,172,-1,-1,-1,-1,-1,-1,-1,-1,-1,-1,-1,-1,-1,-1,-1,-1,-1,-1,-1,24,24,24,21,21,21,21,21,24,24,31,31,31,31,31,31,31,31,31,31,24,22,26,24,22,26,20,28,20,28,31,32,33,34,35,36,37,38,39,40
226,@N,21,0,6,0,-1,-1,-1,-1,-1,-1,-1,-1,-1,-1,-1,31,30,29,29,30,31,29,29,29,30,30,30,445,-1,-1,-1,-1,-1,-1,-1,-1,-1,-1,-1,-1,-1,-1,-1,-1,-1,-1,-1,30,33,24,27,26,18,18,23,24,24,25,30,30,30,30,30,30,30,30,30,27,28,39,40,30,18,21,24,33,36,19,32,33,34,35,36,37,38,39,40
227,木人功,1,0,6,-1,-1,-1,-1,-1,-1,-1,-1,-1,-1,-1,-1,30,30,30,33,33,33,24,22,26,24,22,26,476,-1,-1,-1,-1,-1,-1,-1,-1,-1,-1,-1,-1,-1,-1,-1,-1,-1,-1,-1,24,23,24,27,26,18,18,23,24,24,25,30,30,30,30,30,30,30,30,30,24,31,39,40,30,18,21,24,33,36,19,32,33,34,35,36,37,38,39,40
228,木人再,1,0,6,-1,-1,-1,-1,-1,-1,-1,-1,-1,-1,-1,-1,30,30,30,33,33,33,24,22,26,24,22,26,470,471,-1,-1,-1,-1,-1,-1,-1,-1,-1,-1,-1,-1,-1,-1,-1,-1,-1,-1,24,24,24,27,26,18,18,23,24,24,25,30,30,30,30,30,30,30,30,30,23,25,39,40,30,18,21,24,33,36,19,32,33,34,35,36,37,38,39,40
