编号,物品名,物品名无用1,物品名无用2,物品名无用3,物品名无用4,物品名无用5,物品名无用6,物品名无用7,物品名无用8,物品名无用9,物品名无用10,物品说明,练出武功,暗器动画编号,使用人,装备类型,显示物品说明,物品类型,未知5,未知6,未知7,加生命,加生命最大值,加中毒解毒,加体力,改变内力性质,加内力,加内力最大值,加攻击力,加轻功,加防御力,加医疗,加使毒,加解毒,加抗毒,加拳掌,加御剑,加耍刀,加特殊兵器,加暗器技巧,加武学常识,加品德,加左右互搏,加攻击带毒,仅修炼人物,需内力性质,需内力,需攻击力,需轻功,需用毒,需医疗,需解毒,需拳掌,需御剑,需耍刀,需特殊兵器,需暗器,需资质,需经验,练出物品需经验,需材料,练出物品1,练出物品2,练出物品3,练出物品4,练出物品5,练出物品数量1,练出物品数量2,练出物品数量3,练出物品数量4,练出物品数量5
0,小丹,28836,-9791,-22876,0,0,0,0,0,0,0,可恢蜕倭可命,-1,-1,-1,-1,1,3,2,-1,-1,80,0,0,0,0,0,0,0,0,0,0,0,0,0,0,0,0,0,0,0,0,0,0,0,0,0,0,0,0,0,0,0,0,0,0,0,0,0,0,-1,-1,-1,-1,-1,-1,0,0,0,0,0
1,天香m命膏,-11868,-17491,-3388,21161,18875,0,0,0,0,0,可恢洼^多生命,-1,-1,-1,-1,1,3,1,-1,-1,200,0,0,0,0,0,0,0,0,0,0,0,0,0,0,0,0,0,0,0,0,0,0,-1,0,0,0,0,0,0,0,0,0,0,0,0,0,0,0,-1,-1,-1,-1,-1,-1,0,0,0,0,0
2,黑玉嗬m膏,-15690,-13915,24514,-3388,18875,0,0,0,0,0,可恢痛罅可命,-1,-1,-1,-1,1,3,1,-1,-1,500,0,0,0,0,0,0,0,0,0,0,0,0,0,0,0,0,0,0,0,0,0,0,-1,0,0,0,0,0,0,0,0,0,0,0,0,0,0,0,-1,-1,-1,-1,-1,-1,0,0,0,0,0
3,白云熊丸,-10843,-21852,-19014,30913,22948,0,0,0,0,0,可恢蜕倭攘,-1,-1,-1,-1,1,3,1,-1,-1,0,0,0,0,0,100,0,0,0,0,0,0,0,0,0,0,0,0,0,0,0,0,0,-1,0,0,0,0,0,0,0,0,0,0,0,0,0,0,0,-1,-1,-1,-1,-1,-1,0,0,0,0,0
4,田七散,-12123,17316,21699,30913,-19788,0,0,0,0,0,可恢鸵恍攘,-1,-1,-1,-1,1,3,1,-1,-1,0,0,0,0,0,300,0,0,0,0,0,0,0,0,0,0,0,0,0,0,0,0,0,-1,0,0,0,0,0,0,0,0,0,0,0,0,0,0,0,-1,-1,-1,-1,-1,-1,0,0,0,0,0
5,九花玉露丸,17828,-7766,-13915,21445,22948,0,0,0,0,0,可恢洼^多攘,-1,-1,-1,-1,1,3,1,-1,-1,0,0,0,0,0,600,0,0,0,0,0,0,0,0,0,0,0,0,0,0,0,0,0,-1,0,0,0,0,0,0,0,0,0,0,0,0,0,0,0,-1,-1,-1,-1,-1,-1,0,0,0,0,0
6,九D熊蛇丸,17828,-7998,-19014,17587,22948,0,0,0,0,0,可恢痛罅攘,-1,-1,-1,-1,1,3,1,-1,-1,0,0,0,0,0,1000,0,0,0,0,0,0,0,0,0,0,0,0,0,0,0,0,0,-1,0,0,0,0,0,0,0,0,0,0,0,0,0,0,0,-1,-1,-1,-1,-1,-1,0,0,0,0,0
7,o常丹,19637,24753,-22876,0,0,0,0,0,0,0,可恢鸵恍┥命和攘,-1,-1,-1,-1,1,3,1,-1,-1,200,0,0,0,0,500,0,0,0,0,0,0,0,0,0,0,0,0,0,0,0,0,0,-1,0,0,0,0,0,0,0,0,0,0,0,0,0,0,0,-1,-1,-1,-1,-1,-1,0,0,0,0,0
8,天王保命丹,-11868,-604,20395,21161,-22876,0,0,0,0,0,最好的,-1,-1,-1,-1,1,3,1,-1,-1,500,0,-50,50,0,1000,0,0,0,0,0,0,0,0,0,0,0,0,0,0,0,0,0,-1,0,0,0,0,0,0,0,0,0,0,0,0,0,0,0,-1,-1,-1,-1,-1,-1,0,0,0,0,0
9,SB解毒丸,-16202,29619,-11848,29356,22948,0,0,0,0,0,可少量解毒,-1,-1,-1,-1,1,3,1,-1,-1,0,0,-20,0,0,0,0,0,0,0,0,0,0,0,0,0,0,0,0,0,0,0,0,-1,0,0,0,0,0,0,0,0,0,0,0,0,0,0,0,-1,-1,-1,-1,-1,-1,0,0,0,0,0
10,牛S血蝎丹,-1116,-16202,-6746,-19737,-22876,0,0,0,0,0,中等解毒,-1,-1,-1,-1,1,3,1,-1,-1,0,0,-50,0,0,0,0,0,0,0,0,0,0,0,0,0,0,0,0,0,0,0,0,0,0,0,0,0,0,0,0,0,0,0,0,0,0,0,0,-1,-1,-1,-1,-1,-1,0,0,0,0,0
11,六正獾,-17500,-22602,-16475,-3922,-22876,0,0,0,0,0,高解毒,-1,-1,-1,-1,1,3,1,-1,-1,0,0,-80,0,0,0,0,0,0,0,0,0,0,0,0,0,0,0,0,0,0,0,0,-1,0,0,0,0,0,0,0,0,0,0,0,0,0,0,0,-1,-1,-1,-1,-1,-1,0,0,0,0,0
12,精馔,-5190,-3922,22948,0,0,0,0,0,0,0,可恢鸵恍w力,-1,-1,-1,-1,1,3,1,-1,-1,0,0,0,40,0,0,0,0,0,0,0,0,0,0,0,0,0,0,0,0,0,0,0,-1,0,0,0,0,0,0,0,0,0,0,0,0,0,0,0,-1,-1,-1,-1,-1,-1,0,0,0,0,0
13,玉`散,-13915,18118,-19788,0,0,0,0,0,0,0,可恢痛罅矿w力,-1,-1,-1,-1,1,3,1,-1,-1,0,0,0,80,0,0,0,0,0,0,0,0,0,0,0,0,0,0,0,0,0,0,0,-1,0,0,0,0,0,0,0,0,0,0,0,0,0,0,0,-1,-1,-1,-1,-1,-1,0,0,0,0,0
14,千年`芝,25764,32422,18118,-9302,0,0,0,0,0,0,可增加生命最大值,-1,-1,-1,-1,1,3,1,-1,-1,0,70,0,0,0,0,0,0,0,0,0,0,0,0,0,0,0,0,0,0,0,0,0,-1,0,0,0,0,0,0,0,0,0,0,0,0,0,0,0,-1,-1,-1,-1,-1,-1,0,0,0,0,0
15,大蟠桃,27300,-12350,-6226,0,0,0,0,0,0,0,可增加攘ψ畲笾,-1,-1,-1,-1,1,3,1,-1,-1,0,0,0,0,0,0,200,0,0,0,0,0,0,0,0,0,0,0,0,0,0,0,0,-1,0,0,0,0,0,0,0,0,0,0,0,0,0,0,0,-1,-1,-1,-1,-1,-1,0,0,0,0,0
16,千年人,25764,32422,18596,-11856,0,0,0,0,0,0,可增加生命及攘ψ畲笾,-1,-1,-1,-1,1,3,1,-1,-1,0,50,0,0,0,0,100,0,0,0,0,0,0,0,0,0,0,0,0,0,0,0,0,-1,0,0,0,0,0,0,0,0,0,0,0,0,0,0,0,-1,-1,-1,-1,-1,-1,0,0,0,0,0
17,天山雪,-11868,29604,-18509,-21315,0,0,0,0,0,0,可增加生命及攘ψ畲笾,-1,-1,-1,-1,1,3,1,-1,-1,0,60,0,0,0,0,150,0,0,0,0,0,0,0,0,0,0,0,0,0,0,0,0,0,0,0,0,0,0,0,0,0,0,0,0,0,0,0,0,-1,-1,-1,-1,-1,-1,0,0,0,0,0
18,叫化u,29605,-14684,-1086,0,0,0,0,0,0,0,可稍微增加生命最大值,-1,-1,-1,-1,1,3,1,-1,-1,0,10,0,0,0,0,0,0,0,0,0,0,0,0,0,0,0,0,0,0,0,0,0,-1,0,0,0,0,0,0,0,0,0,0,0,0,0,0,0,-1,-1,-1,-1,-1,-1,0,0,0,0,0
19,好逑,28326,31154,-2380,0,0,0,0,0,0,0,名菜，可增加生命最大值,-1,-1,-1,-1,1,3,1,-1,-1,0,30,0,0,0,0,0,0,0,0,0,0,0,0,0,0,0,0,0,0,0,0,0,-1,0,0,0,0,0,0,0,0,0,0,0,0,0,0,0,-1,-1,-1,-1,-1,-1,0,0,0,0,0
20,玉笛l家落梅,-13915,-15438,-10563,25006,-23099,-22344,-2383,0,0,0,名菜，可增加生命最大值,-1,-1,-1,-1,1,3,1,-1,-1,0,50,0,0,0,0,0,0,0,0,0,0,0,0,0,0,0,0,0,0,0,0,0,-1,0,0,0,0,0,0,0,0,0,0,0,0,0,0,0,-1,-1,-1,-1,-1,-1,0,0,0,0,0
21,D八粥,-16701,19364,-20299,0,0,0,0,0,0,0,可增加生命及攘ψ畲,-1,-1,-1,-1,1,3,1,-1,-1,0,50,0,0,0,0,150,0,0,0,0,0,0,0,0,0,0,0,0,0,0,0,0,-1,0,0,0,0,0,0,0,0,0,0,0,0,0,0,0,-1,-1,-1,-1,-1,-1,0,0,0,0,0
22,梨花酒,-1615,-7766,29616,0,0,0,0,0,0,0,名酒，可增加攘ψ畲笾,-1,-1,-1,-1,1,3,1,-1,-1,0,0,0,0,0,0,50,0,0,0,0,0,0,0,0,0,0,0,0,0,0,0,0,0,0,0,0,0,0,0,0,0,0,0,0,0,0,0,0,-1,-1,-1,-1,-1,-1,0,0,0,0,0
23,玉露酒,-13915,21445,29616,0,0,0,0,0,0,0,名酒，可增加攘ψ畲笾,-1,-1,-1,-1,1,3,1,-1,-1,0,0,0,0,0,0,100,0,0,0,0,0,0,0,0,0,0,0,0,0,0,0,0,0,0,0,0,0,0,0,0,0,0,0,0,0,0,0,0,-1,-1,-1,-1,-1,-1,0,0,0,0,0
24,即墨老酒,22951,-23106,-11866,29616,0,0,0,0,0,0,名酒，可增加攘ψ畲笾,-1,-1,-1,-1,1,3,1,-1,-1,0,0,0,0,0,0,150,0,0,0,0,0,0,0,0,0,0,0,0,0,0,0,0,-1,0,0,0,0,0,0,0,0,0,0,0,0,0,0,0,-1,-1,-1,-1,-1,-1,0,0,0,0,0
25,五花蜜酒,-21084,24516,-7766,26043,29616,0,0,0,0,0,名酒，可增加攘ψ畲笾,-1,-1,-1,-1,1,3,1,-1,-1,0,0,0,0,0,0,200,0,0,0,0,0,0,0,0,0,0,0,0,0,0,0,0,-1,0,0,0,0,0,0,0,0,0,0,0,0,0,0,0,-1,-1,-1,-1,-1,-1,0,0,0,0,0
26,莽牯朱蛤,-2638,-17748,-18778,-3915,0,0,0,0,0,0,f毒之王，百毒不侵,-1,-1,-1,-1,1,3,1,-1,-1,0,0,0,0,0,0,0,0,0,0,0,0,0,100,0,0,0,0,0,0,0,0,0,-1,0,0,0,0,0,0,0,0,0,0,0,0,0,0,0,-1,-1,-1,-1,-1,-1,0,0,0,0,0
27,通犀地丸,29107,21173,24998,29632,22948,0,0,0,0,0,西毒制，百毒不侵,-1,-1,-1,-1,1,3,1,-1,-1,0,0,0,0,0,0,0,0,0,0,0,0,0,100,0,0,0,0,0,0,0,0,0,-1,0,0,0,0,0,0,0,0,0,0,0,0,0,0,0,-1,-1,-1,-1,-1,-1,0,0,0,0,0
28,w蝗石,-18259,-16195,-9307,0,0,0,0,0,0,0,最普通的暗器,-1,23,-1,-1,1,4,2,-1,-1,-30,0,0,0,0,0,0,0,0,0,0,0,0,0,0,0,0,0,0,0,0,0,0,-1,2,0,0,0,0,0,0,0,0,0,0,20,0,0,0,-1,-1,-1,-1,-1,-1,0,0,0,0,0
29,w刀,-18259,19876,0,0,0,0,0,0,0,0,w是小李w刀的刀,-1,23,-1,-1,1,4,2,-1,-1,-50,0,0,0,0,0,0,0,0,0,0,0,0,0,0,0,0,0,0,0,0,0,0,-1,2,0,0,0,0,0,0,0,0,0,0,30,0,0,0,-1,-1,-1,-1,-1,-1,0,0,0,0,0
30,金蛇F,-2134,17587,16576,0,0,0,0,0,0,0,金蛇郎君成名暗器,-1,3,-1,-1,1,4,2,-1,-1,-80,0,0,0,0,0,0,0,0,0,0,0,0,0,0,0,0,0,0,0,0,0,0,-1,2,0,0,0,0,0,0,0,0,0,0,40,0,0,0,-1,-1,-1,-1,-1,-1,0,0,0,0,0
31,霹Z,21189,17862,30140,0,0,0,0,0,0,0,一硫二硝三碳{制而成,-1,4,-1,-1,1,4,2,-1,-1,-100,0,0,0,0,0,0,0,0,0,0,0,0,0,0,0,0,0,0,0,0,0,0,-1,2,0,0,0,0,0,0,0,0,0,0,50,0,0,0,-1,-1,-1,-1,-1,-1,0,0,0,0,0
32,毒蒺藜,29356,-20253,-11022,0,0,0,0,0,0,0,球上有刺，刺上有毒,-1,30,-1,-1,1,4,2,-1,-1,-40,0,40,0,0,0,0,0,0,0,0,0,0,0,0,0,0,0,0,0,0,0,0,-1,2,0,0,0,0,0,0,0,0,0,0,30,0,0,0,-1,-1,-1,-1,-1,-1,0,0,0,0,0
33,玉蜂,-13915,-15944,30640,0,0,0,0,0,0,0,古墓派含毒暗器,-1,30,-1,-1,1,4,2,-1,-1,-60,0,60,0,0,0,0,0,0,0,0,0,0,0,0,0,0,0,0,0,0,0,0,-1,2,0,0,0,0,0,0,0,0,0,0,35,0,0,0,-1,-1,-1,-1,-1,-1,0,0,0,0,0
34,冰魄y,17062,31422,-14149,30640,0,0,0,0,0,0,古墓派含毒之暗器,-1,30,-1,-1,1,4,2,-1,-1,-70,0,70,0,0,0,0,0,0,0,0,0,0,0,0,0,0,0,0,0,0,0,0,-1,2,0,0,0,0,0,0,0,0,0,0,40,0,0,0,-1,-1,-1,-1,-1,-1,0,0,0,0,0
35,黑血神,-15690,-6746,-21585,30640,0,0,0,0,0,0,日月神教暗器，含《,-1,30,-1,-1,1,4,2,-1,-1,-80,0,80,0,0,0,0,0,0,0,0,0,0,0,0,0,0,0,0,0,0,0,0,-1,2,0,0,0,0,0,0,0,0,0,0,50,0,0,0,-1,-1,-1,-1,-1,-1,0,0,0,0,0
36,玄F,-14171,19397,17340,0,0,0,0,0,0,0,玄F制成的重Γ好重啊,-1,-1,-1,0,1,1,1,-1,-1,0,0,0,0,-1,0,0,30,-15,30,0,0,0,0,0,0,0,0,0,0,0,0,0,-1,2,1000,0,0,0,0,0,0,80,0,0,0,0,0,0,-1,-1,-1,-1,-1,-1,0,0,0,0,0
37,倚天,-13651,-11868,17340,0,0,0,0,0,0,0,玄F制成，神兵,-1,-1,-1,0,1,1,1,-1,-1,0,0,0,0,-1,0,0,50,0,0,0,0,0,0,0,0,0,0,0,0,0,0,0,-1,2,500,0,0,0,0,0,0,80,0,0,0,0,0,0,-1,-1,-1,-1,-1,-1,0,0,0,0,0
38,周公,20649,-16988,17340,0,0,0,0,0,0,0,一把,-1,-1,-1,0,1,1,1,-1,-1,0,0,0,0,-1,0,0,10,0,0,0,0,0,0,0,0,0,0,0,0,0,0,0,-1,2,0,0,0,0,0,0,0,20,0,0,0,0,0,0,-1,-1,-1,-1,-1,-1,0,0,0,0,0
39,白,-10843,29632,17340,0,0,0,0,0,0,0,一把很好的,-1,-1,-1,0,1,1,1,-1,-1,0,0,0,0,-1,0,0,25,0,0,0,0,0,0,0,0,0,0,0,0,0,0,0,-1,2,0,0,0,0,0,0,0,30,0,0,0,0,0,0,-1,-1,-1,-1,-1,-1,0,0,0,0,0
40,金蛇,-2134,17587,17340,0,0,0,0,0,0,0,一把的,-1,-1,-1,0,1,1,1,-1,-1,0,0,0,0,-1,0,0,20,10,0,0,0,0,0,0,0,0,0,0,0,0,0,0,-1,2,0,0,0,0,0,0,0,30,0,0,0,0,0,0,-1,-1,-1,-1,-1,-1,0,0,0,0,0
41,凝碧,-20802,-11846,17340,0,0,0,0,0,0,0,一把非常好的,-1,-1,-1,0,1,1,1,-1,-1,0,0,0,0,0,0,0,30,0,0,0,0,0,0,0,0,0,0,0,0,0,0,0,-1,2,0,0,0,0,0,0,0,40,0,0,0,0,0,0,-1,-1,-1,-1,-1,-1,0,0,0,0,0
42,白虹,-10843,27053,17340,0,0,0,0,0,0,0,一把好,-1,-1,-1,0,1,1,1,-1,-1,0,0,0,0,-1,0,0,15,0,0,0,0,0,0,0,0,0,0,0,0,0,0,0,-1,2,0,0,0,0,0,0,0,10,0,0,0,0,0,0,-1,-1,-1,-1,-1,-1,0,0,0,0,0
43,屠刀,20401,29632,19876,0,0,0,0,0,0,0,武林至尊，刀屠,-1,-1,-1,0,1,1,1,-1,-1,0,0,0,0,0,0,0,50,-15,20,0,0,0,0,0,0,0,0,0,0,0,0,0,-1,2,1000,0,0,0,0,0,0,0,80,0,0,0,0,0,-1,-1,-1,-1,-1,-1,0,0,0,0,0
44,血刀,-6746,19876,0,0,0,0,0,0,0,0,h利的刀，嗜血的刀,-1,-1,-1,0,1,1,1,-1,-1,0,0,0,0,-1,0,0,30,0,0,0,0,0,0,0,0,0,0,0,0,0,0,5,-1,2,0,0,0,0,0,0,0,0,40,0,0,0,0,0,-1,-1,-1,-1,-1,-1,0,0,0,0,0
45,冷月刀,20135,-5212,24516,19876,0,0,0,0,0,0,一把非常好的刀,-1,-1,-1,0,1,1,1,-1,-1,0,0,0,0,-1,0,0,25,0,0,0,0,0,0,0,0,0,0,0,0,0,0,0,-1,2,0,0,0,0,0,0,0,0,30,0,0,0,0,0,-1,-1,-1,-1,-1,-1,0,0,0,0,0
46,G波香露刀,-3654,27050,-17491,21445,19876,0,0,0,0,0,一把很好的刀,-1,-1,-1,0,1,1,1,-1,-1,0,0,0,0,-1,0,0,20,0,0,0,0,0,0,0,0,0,0,0,0,0,0,0,-1,2,0,0,0,0,0,0,0,0,20,0,0,0,0,0,-1,-1,-1,-1,-1,-1,0,0,0,0,0
47,金刀,-2134,19876,0,0,0,0,0,0,0,0,一把好刀,-1,-1,-1,0,1,1,1,-1,-1,0,0,0,0,-1,0,0,15,0,0,0,0,0,0,0,0,0,0,0,0,0,0,0,-1,2,0,0,0,0,0,0,0,0,10,0,0,0,0,0,-1,-1,-1,-1,-1,-1,0,0,0,0,0
48,雁翎刀,-21066,-8526,19876,0,0,0,0,0,0,0,一把刀,-1,-1,-1,0,1,1,1,-1,-1,0,0,0,0,-1,0,0,10,0,0,0,0,0,0,0,0,0,0,0,0,0,0,0,-1,2,0,0,0,0,0,0,0,0,20,0,0,0,0,0,-1,-1,-1,-1,-1,-1,0,0,0,0,0
49,打狗棒,-19291,-20566,-12620,0,0,0,0,0,0,0,丐椭鞯南笳,-1,-1,-1,0,1,1,1,-1,-1,0,0,0,0,-1,0,0,40,10,0,0,0,0,0,0,0,0,0,0,0,0,0,0,-1,2,0,0,0,0,0,0,0,0,0,50,0,0,0,0,-1,-1,-1,-1,-1,-1,0,0,0,0,0
50,伏魔杵,-3675,24005,21418,0,0,0,0,0,0,0,其就是一根很沉的棍子,-1,-1,-1,0,1,1,1,-1,-1,0,0,0,0,-1,0,0,30,-10,20,0,0,0,0,0,0,0,0,0,0,0,0,0,-1,2,0,0,0,0,0,0,0,0,0,40,0,0,0,0,-1,-1,-1,-1,-1,-1,0,0,0,0,0
51,金鞭,-2134,29632,16579,0,0,0,0,0,0,0,金玩椭,-1,-1,-1,0,1,1,1,-1,-1,0,0,0,0,-1,0,0,25,0,0,0,0,0,0,0,0,0,0,0,0,0,0,0,-1,2,0,0,0,0,0,0,0,0,0,30,0,0,0,0,-1,-1,-1,-1,-1,-1,0,0,0,0,0
52,{嘴剪,29638,19644,-14928,0,0,0,0,0,0,0,岳老三T用兵器,-1,-1,-1,0,1,1,1,-1,-1,0,0,0,0,-1,0,0,20,0,0,0,0,0,0,0,0,0,0,0,0,0,0,0,-1,2,0,0,0,0,0,0,0,0,0,20,0,0,0,0,-1,-1,-1,-1,-1,-1,0,0,0,0,0
53,判官P,20647,30889,-22603,0,0,0,0,0,0,0,一寸短，一寸U,-1,-1,-1,0,1,1,1,-1,-1,0,0,0,0,-1,0,0,15,0,0,0,0,0,0,0,0,0,0,0,0,0,0,0,-1,2,0,0,0,0,0,0,0,0,0,10,0,0,0,0,-1,-1,-1,-1,-1,-1,0,0,0,0,0
54,亮y,18347,-14149,27322,0,0,0,0,0,0,0,一寸L，一寸,-1,-1,-1,0,1,1,1,-1,-1,0,0,0,0,-1,0,0,10,0,0,0,0,0,0,0,0,0,0,0,0,0,0,0,-1,2,0,0,0,0,0,0,0,0,0,20,0,0,0,0,-1,-1,-1,-1,-1,-1,0,0,0,0,0
55,神山,-21585,29604,17340,0,0,0,0,0,0,0,小小iT兵器,-1,-1,-1,0,1,1,1,-1,-1,0,0,0,0,-1,0,0,70,0,0,0,0,0,0,0,0,0,0,0,0,0,0,0,-1,2,0,0,0,0,0,0,0,100,0,0,0,0,0,0,-1,-1,-1,-1,-1,-1,0,0,0,0,0
56,玄F菜刀,-14171,19397,-6475,19876,0,0,0,0,0,0,正面旺德福，反面泰瑞,-1,-1,-1,0,1,1,1,-1,-1,0,0,0,0,-1,0,0,70,0,0,0,0,0,0,0,0,0,0,0,0,0,0,0,-1,2,0,0,0,0,0,0,0,0,100,0,0,0,0,0,-1,-1,-1,-1,-1,-1,0,0,0,0,0
57,朐,25291,-5212,0,0,0,0,0,0,0,0,柳o色的兵器,-1,-1,-1,0,1,1,1,-1,-1,0,0,0,0,-1,0,0,70,0,0,0,0,0,0,0,0,0,0,0,0,0,0,0,-1,2,0,0,0,0,0,0,0,0,0,100,0,0,0,0,-1,-1,-1,-1,-1,-1,0,0,0,0,0
58,o甲,28339,-19481,-11611,0,0,0,0,0,0,0,桃花u至,-1,-1,-1,1,1,1,1,-1,-1,0,0,0,0,-1,0,0,10,0,50,0,0,0,0,0,0,0,0,0,0,0,0,0,-1,2,0,0,0,0,0,0,0,0,0,0,0,0,0,0,-1,-1,-1,-1,-1,-1,0,0,0,0,0
59,跣Q衣,20911,-1339,-6234,0,0,0,0,0,0,0,可增加防御,-1,-1,-1,1,1,1,1,-1,-1,0,0,0,0,-1,0,0,0,0,40,0,0,0,0,0,0,0,0,0,0,0,0,0,-1,2,0,0,0,0,0,0,0,0,0,0,0,0,0,0,-1,-1,-1,-1,-1,-1,0,0,0,0,0
60,金z背心,-2134,-18507,18861,-8284,0,0,0,0,0,0,可增加防御,-1,-1,-1,1,1,1,1,-1,-1,0,0,0,0,-1,0,0,0,0,35,0,0,0,0,0,0,0,0,0,0,0,0,0,-1,2,0,0,0,0,0,0,0,0,0,0,0,0,0,0,-1,-1,-1,-1,-1,-1,0,0,0,0,0
61,{皮o甲,29638,-10587,16581,-11611,0,0,0,0,0,0,可增加防御,-1,-1,-1,1,1,1,1,-1,-1,0,0,0,0,-1,0,0,0,0,30,0,0,0,0,7,0,0,0,0,0,0,0,0,-1,2,0,0,0,0,0,0,0,0,0,0,0,0,0,0,-1,-1,-1,-1,-1,-1,0,0,0,0,0
62,佛心甲,-3418,-8284,-11611,0,0,0,0,0,0,0,可增加防御,-1,-1,-1,1,1,1,1,-1,-1,0,0,0,0,-1,0,0,0,0,20,0,0,0,0,8,0,0,0,0,0,0,0,0,-1,2,0,0,0,0,0,0,0,0,0,0,0,0,0,0,-1,-1,-1,-1,-1,-1,0,0,0,0,0
63,皮衣,-10587,-6234,0,0,0,0,0,0,0,0,@也能增加防御幔,-1,-1,-1,1,1,1,1,-1,-1,0,0,0,0,-1,0,0,0,0,10,0,0,0,0,0,0,0,0,0,0,0,0,0,-1,2,0,0,0,0,0,0,0,0,0,0,0,0,0,0,-1,-1,-1,-1,-1,-1,0,0,0,0,0
64,北冥神功,24485,-8275,-21585,23717,0,0,0,0,0,0,可吸橙攘化榧河,85,-1,-1,-1,1,2,1,-1,-1,0,0,0,0,2,0,50,0,0,2,0,0,0,0,0,0,0,0,0,0,0,0,0,-1,2,0,0,0,0,0,0,0,0,0,0,0,50,300,0,-1,-1,-1,-1,-1,-1,0,0,0,0,0
65,吸星大法,27815,20652,27300,27562,0,0,0,0,0,0,我吸，我吸，我吸吸吸,88,-1,-1,-1,1,2,1,-1,-1,0,0,0,0,2,0,30,1,0,0,0,0,0,0,0,0,0,0,0,0,0,0,0,-1,2,0,0,0,0,0,0,0,0,0,0,0,0,200,0,-1,-1,-1,-1,-1,-1,0,0,0,0,0
66,化功大法,-14684,23717,27300,27562,0,0,0,0,0,0,可化人攘Φ亩竟,87,-1,-1,-1,1,2,1,-1,-1,0,0,0,0,-1,0,10,1,0,0,0,0,0,0,0,0,0,0,0,0,0,0,0,-1,2,0,0,0,0,0,0,0,0,0,0,0,0,250,0,-1,-1,-1,-1,-1,-1,0,0,0,0,0
67,紫霞秘笈,-19019,-1855,-19025,17619,0,0,0,0,0,0,A山派夤,89,-1,-1,-1,1,2,1,-1,-1,0,10,0,0,-1,0,70,2,0,1,0,0,0,0,0,0,0,0,0,0,0,0,0,-1,0,300,0,0,0,0,0,0,0,0,0,0,0,130,0,-1,-1,-1,-1,-1,-1,0,0,0,0,0
68,混元功法,22194,-18268,23717,27562,0,0,0,0,0,0,可以出混元功,90,-1,-1,-1,1,2,1,-1,-1,0,5,0,0,-1,0,40,0,0,1,0,0,0,0,0,0,0,0,0,0,0,0,0,-1,2,300,0,0,0,0,0,0,0,0,0,0,0,130,0,-1,-1,-1,-1,-1,-1,0,0,0,0,0
69,{吼功法,-8009,29095,23717,27562,0,0,0,0,0,0,路不平一{子吼,92,-1,-1,-1,1,2,1,-1,-1,0,5,0,0,-1,0,40,0,0,1,0,0,0,0,0,0,0,0,0,0,0,0,0,-1,2,400,0,0,0,0,0,0,0,0,0,0,0,150,0,-1,-1,-1,-1,-1,-1,0,0,0,0,0
70,圣火神功,28617,-2652,-21585,23717,0,0,0,0,0,0,圣火令上所d的奇武功,93,-1,-1,-1,1,2,1,-1,-1,0,0,0,0,-1,0,40,1,2,1,0,0,0,0,0,0,0,0,0,0,0,0,0,-1,2,450,0,0,0,0,0,0,0,0,0,0,50,160,0,-1,-1,-1,-1,-1,-1,0,0,0,0,0
71,神照,-21585,-11337,26552,0,0,0,0,0,0,0,有神照著，怕啥！,94,-1,-1,-1,1,2,1,-1,-1,0,25,0,0,-1,0,80,0,0,1,0,0,0,0,0,0,0,0,0,0,0,0,0,-1,1,500,0,0,0,0,0,0,0,0,0,0,0,170,0,-1,-1,-1,-1,-1,-1,0,0,0,0,0
72,十八泥偶,20900,19364,25770,-18256,0,0,0,0,0,0,@|西不能{和,96,-1,-1,-1,1,2,1,-1,-1,0,10,0,0,-1,0,60,2,0,1,0,0,0,0,0,0,0,0,0,0,0,0,0,-1,1,550,0,0,0,0,0,0,0,0,0,0,0,180,0,-1,-1,-1,-1,-1,-1,0,0,0,0,0
73,蛤蟆功法,-3915,-20287,23717,27562,0,0,0,0,0,0,四肢著地，扇鼓起，呱,95,-1,-1,-1,1,2,1,-1,-1,0,5,0,0,-1,0,50,1,0,1,0,0,0,0,0,0,0,0,0,0,0,0,0,-1,0,700,0,0,0,0,0,0,0,0,0,0,50,190,0,-1,-1,-1,-1,-1,-1,0,0,0,0,0
74,乾坤大挪移,-20816,23465,27300,-16466,-16718,0,0,0,0,0,明教武功心法,97,-1,-1,-1,1,2,1,-1,-1,0,15,0,0,-1,0,50,0,0,4,0,0,0,0,0,0,0,0,0,0,0,0,0,-1,2,750,0,0,0,0,0,0,0,0,0,0,50,250,0,-1,-1,-1,-1,-1,-1,0,0,0,0,0
75,小o相功,28836,19637,-9300,23717,0,0,0,0,0,0,o相，就是]的意思,98,-1,-1,-1,1,2,1,-1,-1,0,5,0,0,2,0,55,2,1,1,0,0,0,0,1,1,1,1,0,0,0,0,0,-1,2,900,0,0,0,0,0,0,0,0,0,0,0,210,0,-1,-1,-1,-1,-1,-1,0,0,0,0,0
76,oO功,-15697,-22602,19637,-23113,23717,0,0,0,0,0,三S用它_了武一派,99,-1,-1,-1,1,2,1,-1,-1,0,12,0,0,-1,0,65,0,0,3,0,0,0,0,0,0,0,0,0,0,0,0,0,-1,1,950,0,0,0,0,0,0,0,0,0,0,0,210,0,-1,-1,-1,-1,-1,-1,0,0,0,0,0
77,先天功秘笈,-603,-11868,23717,-19025,17619,0,0,0,0,0,中神通王重的成名^W,100,-1,-1,-1,1,2,1,-1,-1,0,15,0,0,-1,0,120,2,0,2,0,0,0,0,0,0,0,0,0,0,0,0,0,-1,1,1100,0,0,0,0,0,0,0,0,0,0,0,230,0,-1,-1,-1,-1,-1,-1,0,0,0,0,0
78,辟邪ψV,16569,-18264,17340,-12093,0,0,0,0,0,0,修者嘧咏^O,48,-1,-1,-1,1,2,1,-1,-1,0,0,0,0,0,0,0,0,3,0,0,0,0,0,0,1,0,0,0,0,0,0,0,-1,0,0,0,0,0,0,0,0,20,0,0,0,0,200,0,-1,-1,-1,-1,-1,-1,0,0,0,0,0
79,八荒六合功,19364,-4433,-17500,22694,23717,0,0,0,0,0,八荒六合，唯我尊,101,-1,-1,-1,1,2,1,-1,-1,0,20,0,0,-1,0,85,1,1,2,0,0,0,0,0,0,0,0,0,0,0,0,0,-1,0,1150,0,0,0,0,0,0,0,0,0,0,70,230,0,-1,-1,-1,-1,-1,-1,0,0,0,0,0
80,太玄,-11356,-14171,26552,0,0,0,0,0,0,0,l能w下，白首太玄,102,-1,-1,-1,1,2,1,-1,-1,0,0,0,0,-1,0,60,2,1,2,0,0,0,0,2,2,2,2,0,0,0,0,0,-1,2,0,0,0,0,0,0,0,0,0,0,0,-30,70,0,-1,-1,-1,-1,-1,-1,0,0,0,0,0
81,象般若功,29632,18614,-5201,22957,23717,0,0,0,0,0,西藏密宗^W,103,-1,-1,-1,1,2,1,-1,-1,0,15,0,0,-1,0,90,5,0,1,0,0,0,0,0,0,0,0,0,0,0,0,0,-1,1,1350,0,0,0,0,0,0,0,0,0,0,0,250,0,-1,-1,-1,-1,-1,-1,0,0,0,0,0
82,逆\真,26288,17081,30127,26552,0,0,0,0,0,0,郭靖y，Wh胡,104,-1,-1,-1,1,2,1,-1,-1,0,-5,0,0,-1,0,40,2,0,-1,0,0,0,0,0,0,0,0,0,0,0,0,0,-1,0,1350,0,0,0,0,0,0,0,0,0,0,80,250,0,-1,-1,-1,-1,-1,-1,0,0,0,0,0
83,九真,17828,-22602,30127,26552,0,0,0,0,0,0,至高o上之武功典,106,-1,-1,-1,1,2,1,-1,-1,0,20,0,0,-1,0,220,1,1,3,0,0,0,5,0,0,0,0,0,0,0,0,0,-1,1,1500,0,0,0,0,0,0,0,0,0,0,0,300,0,-1,-1,-1,-1,-1,-1,0,0,0,0,0
84,九真,17828,-20045,30127,26552,0,0,0,0,0,0,至高o上之武功典,107,-1,-1,-1,1,2,1,-1,-1,0,0,0,0,-1,0,110,4,3,1,0,0,0,0,0,0,0,0,0,0,0,0,0,-1,0,1500,0,0,0,0,0,0,0,0,0,0,0,300,0,-1,-1,-1,-1,-1,-1,0,0,0,0,0
85,易筋,-2391,-21323,26552,0,0,0,0,0,0,0,至高o上之武功典,108,-1,-1,-1,1,2,1,-1,-1,0,30,0,0,2,0,175,2,2,2,0,0,0,5,0,0,0,0,0,0,0,0,0,-1,2,1500,0,0,0,0,0,0,0,0,0,0,0,300,0,-1,-1,-1,-1,-1,-1,0,0,0,0,0
86,降十八掌,-20307,29632,20900,19364,30900,0,0,0,0,0,天下至至的掌法,26,-1,-1,-1,1,2,1,-1,-1,0,0,0,0,-1,0,0,3,0,0,0,0,0,0,2,0,0,0,0,0,0,0,0,-1,1,0,0,0,0,0,0,80,0,0,0,0,0,280,0,-1,-1,-1,-1,-1,-1,0,0,0,0,0
87,黯然N魂掌,26309,19893,20670,-4421,30900,0,0,0,0,0,钸^自的力掌法,25,-1,-1,-1,1,2,1,-1,-1,0,0,0,0,-1,0,0,2,0,0,0,0,0,0,2,0,0,0,0,0,0,0,0,-1,2,0,0,0,0,0,0,80,0,0,0,0,0,240,0,-1,-1,-1,-1,-1,-1,0,0,0,0,0
88,山神掌,-18506,-20032,29604,-21585,30900,2573,0,0,0,0,少林七十二^技之一,24,-1,-1,-1,1,2,1,-1,-1,0,0,0,0,-1,0,0,2,0,0,0,0,0,0,2,0,0,0,3,0,0,0,0,-1,1,0,0,0,0,0,0,80,0,0,0,0,0,220,0,-1,-1,-1,-1,-1,-1,0,0,0,0,0
89,七拳V,17316,-13386,-20050,2573,-12093,0,0,0,0,0,攘Σ桓哒吣要修,23,-1,-1,-1,1,2,1,-1,-1,0,0,0,0,-1,0,0,2,0,0,0,0,0,0,2,0,0,0,0,0,0,0,0,-1,0,0,0,0,0,0,0,80,0,0,0,0,0,220,0,-1,-1,-1,-1,-1,-1,0,0,0,0,0
90,大金掌法,27300,-2134,-5971,30900,27562,0,0,0,0,0,少林七十二^技之一,22,-1,-1,-1,1,2,1,-1,-1,0,0,0,0,-1,0,0,1,0,0,0,0,0,0,2,0,0,0,0,0,0,0,0,-1,1,0,0,0,0,0,0,80,0,0,0,0,0,200,0,-1,-1,-1,-1,-1,-1,0,0,0,0,0
91,玄冥神掌,-14171,-8275,-21585,30900,0,0,0,0,0,0,失饕丫玫年毒掌法,21,-1,-1,-1,1,2,1,-1,-1,0,0,0,0,-1,0,0,1,0,0,0,0,0,0,2,0,0,0,0,0,0,0,0,-1,0,0,0,0,0,0,0,80,0,0,0,0,0,200,0,-1,-1,-1,-1,-1,-1,0,0,0,0,0
92,爪手,29632,-2396,-7516,0,0,0,0,0,0,0,少林七十二^技之一,20,-1,-1,-1,1,2,1,-1,-1,0,0,0,0,-1,0,0,1,0,0,0,0,0,0,2,0,0,0,0,0,0,0,0,-1,1,0,0,0,0,0,0,70,0,0,0,0,0,180,0,-1,-1,-1,-1,-1,-1,0,0,0,0,0
93,葵花典,-21832,-7766,24516,-6744,0,0,0,0,0,0,今天你m了]有？,105,-1,-1,-1,1,2,1,-1,-1,0,-10,0,0,0,0,50,1,5,1,0,0,0,0,0,0,0,0,0,0,0,0,0,-1,2,0,0,0,0,0,0,0,0,0,0,0,0,250,0,-1,-1,-1,-1,-1,-1,0,0,0,0,0
94,幻指法,-9308,-20045,-853,27562,0,0,0,0,0,0,成昆的毒指功,19,-1,-1,-1,1,2,1,-1,-1,0,0,0,0,-1,0,0,1,0,0,0,0,0,0,2,0,0,0,0,0,0,0,0,-1,0,0,0,0,0,0,0,70,0,0,0,0,0,180,0,-1,-1,-1,-1,-1,-1,0,0,0,0,0
95,指神通,30140,-853,-21585,29107,0,0,0,0,0,0,|邪S的^W,18,-1,-1,-1,1,2,1,-1,-1,0,0,0,0,-1,0,0,1,0,0,0,0,0,0,2,0,0,0,0,0,0,0,0,-1,0,0,0,0,0,0,0,60,0,0,0,0,0,160,0,-1,-1,-1,-1,-1,-1,0,0,0,0,0
96,一指法,16548,-22602,-853,27562,0,0,0,0,0,0,大理段氏的^W,17,-1,-1,-1,1,2,1,-1,-1,0,0,0,0,-1,0,0,1,0,0,0,0,0,0,2,0,0,0,0,0,0,0,0,-1,1,0,0,0,0,0,0,60,0,0,0,0,0,160,0,-1,-1,-1,-1,-1,-1,0,0,0,0,0
97,太O拳,-11356,-23113,-20050,26552,0,0,0,0,0,0,三S所，四芮Ы,16,-1,-1,-1,1,2,1,-1,-1,0,0,0,0,-1,0,0,1,0,0,0,0,0,0,2,0,0,0,0,0,0,0,0,-1,2,0,0,0,0,0,0,50,0,0,0,0,0,140,0,-1,-1,-1,-1,-1,-1,0,0,0,0,0
98,空明拳V,-14934,-1367,-20050,-12093,0,0,0,0,0,0,老B童周伯通的拳法,15,-1,-1,-1,1,2,1,-1,-1,0,0,0,0,-1,0,0,1,0,0,0,0,0,0,2,0,0,0,0,0,0,0,0,-1,2,0,0,0,0,0,0,50,0,0,0,0,0,140,0,-1,-1,-1,-1,-1,-1,0,0,0,0,0
99,天山折梅手,-11868,29604,-5721,-2383,-7516,0,0,0,0,0,逍b派高掌法,14,-1,-1,-1,1,2,1,-1,-1,0,0,0,0,-1,0,0,1,0,0,0,0,0,0,2,0,0,0,0,0,0,0,0,-1,2,0,0,0,0,0,0,50,0,0,0,0,0,140,0,-1,-1,-1,-1,-1,-1,0,0,0,0,0
100,F掌掌V,19397,30900,30900,-12093,0,0,0,0,0,0,F掌徒^技,13,-1,-1,-1,1,2,1,-1,-1,0,0,0,0,-1,0,0,1,0,0,0,0,0,0,2,0,0,0,0,0,0,0,0,-1,1,0,0,0,0,0,0,40,0,0,0,0,0,120,0,-1,-1,-1,-1,-1,-1,0,0,0,0,0
101,落英神φ,-22344,24237,-21585,17340,30900,0,0,0,0,0,桃花英落w神,12,-1,-1,-1,1,2,1,-1,-1,0,0,0,0,-1,0,0,1,0,0,0,0,0,0,2,0,0,0,0,0,0,0,0,-1,0,0,0,0,0,0,0,40,0,0,0,0,70,120,0,-1,-1,-1,-1,-1,-1,0,0,0,0,0
102,九白骨爪,17828,-20045,-10843,-22096,-2396,0,0,0,0,0,黑Lp煞的成名^技,11,-1,-1,-1,1,2,1,-1,-1,0,0,0,0,-1,0,0,1,0,0,0,0,0,0,2,0,0,0,0,0,0,0,0,-1,0,0,0,0,0,0,0,40,0,0,0,0,0,120,0,-1,-1,-1,-1,-1,-1,0,0,0,0,0
103,百花e拳,-13658,-7766,-1601,-20050,0,0,0,0,0,0,e上加e，一e再e,10,-1,-1,-1,1,2,1,-1,-1,0,0,0,0,-1,0,0,1,0,0,0,0,0,0,2,0,0,0,0,0,0,0,0,-1,2,0,0,0,0,0,0,30,0,0,0,0,0,100,0,-1,-1,-1,-1,-1,-1,0,0,0,0,0
104,白雪山掌,-10843,28094,-18509,29604,30900,0,0,0,0,0,白山^技,9,-1,-1,-1,1,2,1,-1,-1,0,0,0,0,-1,0,0,1,0,0,0,0,0,0,2,0,0,0,0,0,0,0,0,-1,0,0,0,0,0,0,0,30,0,0,0,0,0,100,0,-1,-1,-1,-1,-1,-1,0,0,0,0,0
105,天山六掌,-11868,29604,-17500,-22602,30900,0,0,0,0,0,逍b派初掌法,8,-1,-1,-1,1,2,1,-1,-1,0,0,0,0,-1,0,0,1,0,0,0,0,0,0,2,0,0,0,0,0,0,0,0,-1,2,0,0,0,0,0,0,30,0,0,0,0,0,100,0,-1,-1,-1,-1,-1,-1,0,0,0,0,0
106,d掌掌V,-1862,30900,30900,-12093,0,0,0,0,0,0,武派初掌法,7,-1,-1,-1,1,2,1,-1,-1,0,0,0,0,-1,0,0,1,0,1,0,0,0,0,2,0,0,0,0,0,0,0,0,-1,2,0,0,0,0,0,0,15,0,0,0,0,0,70,0,-1,-1,-1,-1,-1,-1,0,0,0,0,0
107,天_地W掌,-11868,-17981,24998,-2886,30900,0,0,0,0,0,古墓派初掌法,6,-1,-1,-1,1,2,1,-1,-1,0,0,0,0,-1,0,0,1,1,0,0,0,0,0,2,0,0,0,0,0,0,0,0,-1,0,0,0,0,0,0,0,20,0,0,0,0,0,80,0,-1,-1,-1,-1,-1,-1,0,0,0,0,0
108,寒冰d掌,18612,17062,-1862,30900,0,0,0,0,0,0,f一笑成名^技,5,-1,-1,-1,1,2,1,-1,-1,0,0,0,0,-1,0,0,1,0,0,0,0,0,0,2,0,0,0,0,0,0,0,0,-1,0,0,0,0,0,0,0,20,0,0,0,0,0,80,0,-1,-1,-1,-1,-1,-1,0,0,0,0,0
109,爪功法,20166,-2396,23717,27562,0,0,0,0,0,0,白眉王的武功,4,-1,-1,-1,1,2,1,-1,-1,0,0,0,0,-1,0,0,1,0,0,0,0,0,0,2,0,0,0,0,0,0,0,0,-1,1,0,0,0,0,0,0,45,0,0,0,0,0,130,0,-1,-1,-1,-1,-1,-1,0,0,0,0,0
110,五毒秘,-21084,29356,-19025,-14410,2573,0,0,0,0,0,李莫愁的成名^技,3,-1,-1,-1,1,2,1,-1,-1,0,0,0,0,-1,0,0,1,0,0,0,0,0,0,2,0,0,0,0,0,0,0,1,-1,0,0,0,0,0,0,0,10,0,0,0,0,0,60,0,-1,-1,-1,-1,-1,-1,0,0,0,0,0
111,逍b游拳V,28851,-17477,-6732,-20050,-12093,0,0,0,0,0,ll逍b,2,-1,-1,-1,1,2,1,-1,-1,0,0,0,0,-1,0,0,1,1,0,0,0,0,0,2,0,0,0,1,0,0,0,0,-1,2,0,0,0,0,0,0,20,0,0,0,0,0,40,0,-1,-1,-1,-1,-1,-1,0,0,0,0,0
112,_h拳V,-17981,32442,-20050,-12093,0,0,0,0,0,0,少林派入T拳法,1,-1,-1,-1,1,2,1,-1,-1,0,0,0,0,-1,0,0,1,0,0,0,0,0,0,2,0,0,0,0,0,0,0,0,-1,2,0,0,0,0,0,0,20,0,0,0,0,0,0,0,-1,-1,-1,-1,-1,-1,0,0,0,0,0
113,六}神,-17500,-8273,-21585,17340,0,0,0,0,0,0,天下第一Γ,49,-1,-1,-1,1,2,1,-1,-1,0,0,0,0,-1,0,0,2,0,0,0,0,0,0,0,0,0,0,0,0,0,0,0,-1,2,3000,0,0,0,0,0,0,0,0,0,0,0,280,0,-1,-1,-1,-1,-1,-1,0,0,0,0,0
114,孤九,22463,29865,17828,17340,0,0,0,0,0,0,o招儆姓,47,-1,-1,-1,1,2,1,-1,-1,0,0,0,0,-1,0,0,2,0,0,0,0,0,0,0,2,0,0,0,0,0,0,0,-1,2,0,0,0,0,0,0,0,80,0,0,0,80,220,0,-1,-1,-1,-1,-1,-1,0,0,0,0,0
115,太OΨ,-11356,-23113,17340,27562,0,0,0,0,0,0,三S所,46,-1,-1,-1,1,2,1,-1,-1,0,0,0,0,-1,0,0,2,0,1,0,0,0,0,0,2,0,0,0,0,0,0,0,-1,2,0,0,0,0,0,0,0,80,0,0,0,0,220,0,-1,-1,-1,-1,-1,-1,0,0,0,0,0
116,玄FΨ,-14171,19397,17340,27562,0,0,0,0,0,0,重oh，大巧不工,45,-1,-1,-1,1,2,1,-1,-1,0,0,0,0,-1,0,0,2,0,0,0,0,0,0,0,2,0,0,0,0,0,0,0,-1,2,0,0,0,0,0,0,0,80,0,0,0,0,200,0,-1,-1,-1,-1,-1,-1,0,0,0,0,0
117,苗家Ψ,23981,25006,17340,27562,0,0,0,0,0,0,老苗家的Ψ,44,-1,-1,-1,1,2,1,-1,-1,0,0,0,0,-1,0,0,2,0,0,0,0,0,0,0,2,0,0,0,0,0,0,0,-1,2,0,0,0,0,0,0,0,80,0,0,0,0,200,0,-1,-1,-1,-1,-1,-1,0,0,0,0,0
118,斗D星移,-6492,-7998,20652,-16718,0,0,0,0,0,0,以彼之道，施彼身,43,-1,-1,-1,1,2,1,-1,-1,0,0,0,0,-1,0,0,1,0,0,0,0,0,0,0,2,0,0,0,0,0,0,0,-1,2,0,0,0,0,0,0,0,70,0,0,0,0,180,0,-1,-1,-1,-1,-1,-1,0,0,0,0,0
119,玉女素心Ψ,-13915,27556,-16209,-8284,17340,27562,0,0,0,0,古墓派`巧Ψ,42,-1,-1,-1,1,2,1,-1,-1,0,0,0,0,-1,0,0,1,1,0,0,0,0,0,0,2,0,0,0,0,0,0,0,-1,0,0,0,0,0,0,0,0,70,0,0,0,0,180,0,-1,-1,-1,-1,-1,-1,0,0,0,0,0
120,缃^ψV,-16201,-19275,17340,-12093,0,0,0,0,0,0,缃^太所Ψ,41,-1,-1,-1,1,2,1,-1,-1,0,0,0,0,-1,0,0,1,0,0,0,0,0,0,0,2,0,0,0,0,0,0,0,-1,2,0,0,0,0,0,0,0,60,0,0,0,0,160,0,-1,-1,-1,-1,-1,-1,0,0,0,0,0
121,金蛇Ψ,-2134,17587,17340,27562,0,0,0,0,0,0,根仿生W原理所,40,-1,-1,-1,1,2,1,-1,-1,0,0,0,0,-1,0,0,1,0,0,0,0,0,0,0,2,0,0,0,0,0,0,0,-1,2,0,0,0,0,0,0,0,60,0,0,0,0,160,0,-1,-1,-1,-1,-1,-1,0,0,0,0,0
122,七星ψV,17316,20652,17340,-12093,0,0,0,0,0,0,全真派Ψ,39,-1,-1,-1,1,2,1,-1,-1,0,0,0,0,-1,0,0,1,0,0,0,0,0,0,0,2,0,0,0,0,0,0,0,-1,2,0,0,0,0,0,0,0,50,0,0,0,0,140,0,-1,-1,-1,-1,-1,-1,0,0,0,0,0
123,玉Ψ,-13915,-21054,17340,27562,0,0,0,0,0,0,即可Γ又可吹,38,-1,-1,-1,1,2,1,-1,-1,0,0,0,0,-1,0,0,1,0,0,0,0,0,0,0,2,0,0,0,0,0,0,0,-1,0,0,0,0,0,0,0,0,50,0,0,0,0,140,0,-1,-1,-1,-1,-1,-1,0,0,0,0,0
124,xψV,-7512,-2373,17340,-12093,0,0,0,0,0,0,昆雠山^W，仙都派也用,37,-1,-1,-1,1,2,1,-1,-1,0,0,0,0,-1,0,0,1,0,0,0,0,0,0,0,2,0,0,0,0,0,0,0,-1,2,0,0,0,0,0,0,0,40,0,0,0,0,120,0,-1,-1,-1,-1,-1,-1,0,0,0,0,0
125,柔云ψV,22700,-21852,17340,-12093,0,0,0,0,0,0,武派的πg,36,-1,-1,-1,1,2,1,-1,-1,0,0,0,0,-1,0,0,1,0,0,0,0,0,0,0,2,0,0,0,0,0,0,0,-1,0,0,0,0,0,0,0,0,40,0,0,0,0,120,0,-1,-1,-1,-1,-1,-1,0,0,0,0,0
126,雪山ψV,-18509,29604,17340,-12093,0,0,0,0,0,0,雪山派的Ψ,35,-1,-1,-1,1,2,1,-1,-1,0,0,0,0,-1,0,0,1,0,0,0,0,0,0,0,2,0,0,0,0,0,0,0,-1,0,0,0,0,0,0,0,0,10,0,0,0,0,60,0,-1,-1,-1,-1,-1,-1,0,0,0,0,0
127,太岳三青峰,-11356,-22359,21668,17323,28846,0,0,0,0,0,A山派的Ψ,34,-1,-1,-1,1,2,1,-1,-1,0,0,0,0,-1,0,0,1,0,0,0,0,0,0,0,2,0,0,0,0,0,0,0,-1,2,0,0,0,0,0,0,0,20,0,0,0,0,80,0,-1,-1,-1,-1,-1,-1,0,0,0,0,0
128,f岳朝宗,21944,-22359,-15692,30377,0,0,0,0,0,0,嵩山派的Ψ,33,-1,-1,-1,1,2,1,-1,-1,0,0,0,0,-1,0,0,1,0,0,0,0,0,0,0,2,0,0,0,0,0,0,0,-1,2,0,0,0,0,0,0,0,30,0,0,0,0,100,0,-1,-1,-1,-1,-1,-1,0,0,0,0,0
129,云F十三式,-21852,-1341,20900,21668,-24154,0,0,0,0,0,衡山派的Ψ,32,-1,-1,-1,1,2,1,-1,-1,0,0,0,0,-1,0,0,1,1,0,0,0,0,0,0,2,0,0,0,0,0,0,0,-1,2,0,0,0,0,0,0,0,30,0,0,0,0,100,0,-1,-1,-1,-1,-1,-1,0,0,0,0,0
130,泰山十八P,-2642,29604,20900,19364,19645,0,0,0,0,0,泰山派的Ψ,31,-1,-1,-1,1,2,1,-1,-1,0,0,0,0,-1,0,0,1,0,0,0,0,0,0,0,2,0,0,0,0,0,0,0,-1,2,0,0,0,0,0,0,0,30,0,0,0,0,100,0,-1,-1,-1,-1,-1,-1,0,0,0,0,0
131,f花Ψ,21944,-7766,17340,27562,0,0,0,0,0,0,恒山派的Ψ,30,-1,-1,-1,1,2,1,-1,-1,0,0,0,0,-1,0,0,1,0,1,0,0,0,0,0,2,0,0,0,0,0,0,0,-1,2,0,0,0,0,0,0,0,20,0,0,0,0,80,0,-1,-1,-1,-1,-1,-1,0,0,0,0,0
132,三分πg,21668,-16220,17340,20147,0,0,0,0,0,0,天山p的^W,29,-1,-1,-1,1,2,1,-1,-1,0,0,0,0,-1,0,0,1,1,0,0,0,0,0,0,2,0,0,0,0,0,0,0,-1,0,0,0,0,0,0,0,0,10,0,0,0,0,60,0,-1,-1,-1,-1,-1,-1,0,0,0,0,0
133,雷震Ψ,28857,24510,17340,27562,0,0,0,0,0,0,棋仙派Ψǎ天T也用,28,-1,-1,-1,1,2,1,-1,-1,0,0,0,0,-1,0,0,1,0,0,0,0,0,0,0,2,0,0,0,0,0,0,0,-1,2,0,0,0,0,0,0,0,20,0,0,0,0,40,0,-1,-1,-1,-1,-1,-1,0,0,0,0,0
134,松LΨ,20906,-18515,17340,27562,0,0,0,0,0,0,髡f中最弱的Ψ,27,-1,-1,-1,1,2,1,-1,-1,0,0,0,0,-1,0,0,1,0,0,0,0,0,0,0,2,0,0,0,0,0,0,0,-1,2,0,0,0,0,0,0,0,20,0,0,0,0,0,0,-1,-1,-1,-1,-1,-1,0,0,0,0,0
135,火焰刀法,-2652,19381,19876,27562,0,0,0,0,0,0,F摩智的^W,66,-1,-1,-1,1,2,1,-1,-1,0,0,0,0,-1,0,0,2,0,0,0,0,0,0,0,0,2,0,0,0,0,0,0,-1,1,0,0,0,0,0,0,0,0,80,0,0,0,190,0,-1,-1,-1,-1,-1,-1,0,0,0,0,0
136,胡家刀法,19117,25006,19876,27562,0,0,0,0,0,0,老胡家的刀法,67,-1,-1,-1,1,2,1,-1,-1,0,0,0,0,-1,0,0,2,0,0,0,0,0,0,0,0,2,0,0,0,0,0,0,-1,2,0,0,0,0,0,0,0,0,80,0,0,0,190,0,-1,-1,-1,-1,-1,-1,0,0,0,0,0
137,燃木刀法,21951,-4956,19876,27562,0,0,0,0,0,0,少林七十二^技之刀法,65,-1,-1,-1,1,2,1,-1,-1,0,0,0,0,-1,0,0,1,0,0,0,0,0,0,0,0,2,0,0,0,0,0,0,-1,1,0,0,0,0,0,0,0,0,70,0,0,0,170,0,-1,-1,-1,-1,-1,-1,0,0,0,0,0
138,玄刀法,-14171,-5451,19876,27562,0,0,0,0,0,0,武派的刀法,64,-1,-1,-1,1,2,1,-1,-1,0,0,0,0,-1,0,0,1,0,0,0,0,0,0,0,0,2,0,0,0,0,0,0,-1,0,0,0,0,0,0,0,0,0,70,0,0,0,170,0,-1,-1,-1,-1,-1,-1,0,0,0,0,0
139,血刀,-6746,19876,26552,0,0,0,0,0,0,0,血刀T的^W,63,-1,-1,-1,1,2,1,-1,-1,0,0,0,0,-1,0,0,1,0,0,0,0,0,0,0,0,2,0,0,0,0,0,0,-1,2,0,0,0,0,0,0,0,0,10,0,0,0,150,0,-1,-1,-1,-1,-1,-1,0,0,0,0,0
140,夫妻刀法,-11612,25769,19876,27562,0,0,0,0,0,0,樾鄣娜俗鲆活D早餐,62,-1,-1,-1,1,2,1,-1,-1,0,0,0,0,-1,0,0,1,0,0,0,0,0,0,0,0,2,0,0,0,0,0,0,-1,2,0,0,0,0,0,0,0,0,60,0,0,0,150,0,-1,-1,-1,-1,-1,-1,0,0,0,0,0
141,金醯斗,-2134,20911,19876,27562,0,0,0,0,0,0,光普照，冰雪融化,61,-1,-1,-1,1,2,1,-1,-1,0,0,0,0,-1,0,0,1,0,0,0,0,0,0,0,0,2,0,0,0,0,0,0,-1,1,0,0,0,0,0,0,0,0,50,0,0,0,130,0,-1,-1,-1,-1,-1,-1,0,0,0,0,0
142,反x刀法,-12380,-7512,-2373,19876,27562,0,0,0,0,0,A山派的刀法,60,-1,-1,-1,1,2,1,-1,-1,0,0,0,0,-1,0,0,1,0,0,0,0,0,0,0,0,2,0,0,0,0,0,0,-1,2,0,0,0,0,0,0,0,0,50,0,0,0,130,0,-1,-1,-1,-1,-1,-1,0,0,0,0,0
143,五虎嚅T刀,-21084,-5462,24514,-1622,19876,0,0,0,0,0,秦家寨的刀法,59,-1,-1,-1,1,2,1,-1,-1,0,0,0,0,-1,0,0,1,0,0,0,0,0,0,0,0,2,0,0,0,0,0,0,-1,2,0,0,0,0,0,0,0,0,40,0,0,0,110,0,-1,-1,-1,-1,-1,-1,0,0,0,0,0
144,w狐外,-18259,-20310,32421,-14410,0,0,0,0,0,0,一本小f,-1,-1,-1,-1,1,0,3,-1,-1,0,0,0,0,0,0,0,0,0,0,0,0,0,0,0,0,0,0,0,0,0,0,0,0,0,0,0,0,0,0,0,0,0,0,0,0,0,0,0,-1,-1,-1,-1,-1,-1,0,0,0,0,0
145,雪山w狐,-18509,29604,-18259,-20310,0,0,0,0,0,0,一本小f,-1,-1,-1,-1,1,0,3,-1,-1,0,0,0,0,0,0,0,0,0,0,0,0,0,0,0,0,0,0,0,0,0,0,0,0,0,0,0,0,0,0,0,0,0,0,0,0,0,0,0,-1,-1,-1,-1,-1,-1,0,0,0,0,0
146,B城E,29619,-20309,23219,0,0,0,0,0,0,0,一本小f,-1,-1,-1,-1,1,0,3,-1,-1,0,0,0,0,0,0,0,0,0,0,0,0,0,0,0,0,0,0,0,0,0,0,0,0,0,0,0,0,0,0,0,0,0,0,0,0,0,0,0,-1,-1,-1,-1,-1,-1,0,0,0,0,0
147,天八部,-11868,29632,19364,-24141,0,0,0,0,0,0,一本小f,-1,-1,-1,-1,1,0,3,-1,-1,0,0,0,0,0,0,0,0,0,0,0,0,0,0,0,0,0,0,0,0,0,0,0,0,0,0,0,0,0,0,0,0,0,0,0,0,0,0,0,-1,-1,-1,-1,-1,-1,0,0,0,0,0
148,射m英雄,26542,-6157,24237,-20554,-14410,0,0,0,0,0,一本小f,-1,-1,-1,-1,1,0,3,-1,-1,0,0,0,0,0,0,0,0,0,0,0,0,0,0,0,0,0,0,0,0,0,0,0,0,0,0,0,0,0,0,0,0,0,0,0,0,0,0,0,-1,-1,-1,-1,-1,-1,0,0,0,0,0
149,白R[西L,-10843,-22352,21436,-5978,-18515,0,0,0,0,0,一本小f,-1,-1,-1,-1,1,0,3,-1,-1,0,0,0,0,0,0,0,0,0,0,0,0,0,0,0,0,0,0,0,0,0,0,0,0,0,0,0,0,0,0,0,0,0,0,0,0,0,0,0,-1,-1,-1,-1,-1,-1,0,0,0,0,0
150,鹿鼎,-16205,-22087,20400,0,0,0,0,0,0,0,一本小f,-1,-1,-1,-1,1,0,3,-1,-1,0,0,0,0,0,0,0,0,0,0,0,0,0,0,0,0,0,0,0,0,0,0,0,0,0,0,0,0,0,0,0,0,0,0,0,0,0,0,0,-1,-1,-1,-1,-1,-1,0,0,0,0,0
151,笑傲江湖,-17745,-14666,-16474,-3404,0,0,0,0,0,0,一本小f,-1,-1,-1,-1,1,0,3,-1,-1,0,0,0,0,0,0,0,0,0,0,0,0,0,0,0,0,0,0,0,0,0,0,0,0,0,0,0,0,0,0,0,0,0,0,0,0,0,0,0,-1,-1,-1,-1,-1,-1,0,0,0,0,0
152,Χ鞒痄,-11858,17340,-22866,-19548,-577,0,0,0,0,0,一本小f,-1,-1,-1,-1,1,0,3,-1,-1,0,0,0,0,0,0,0,0,0,0,0,0,0,0,0,0,0,0,0,0,0,0,0,0,0,0,0,0,0,0,0,0,0,0,0,0,0,0,0,-1,-1,-1,-1,-1,-1,0,0,0,0,0
153,神mbH,-21585,-6157,19627,20907,0,0,0,0,0,0,一本小f,-1,-1,-1,-1,1,0,3,-1,-1,0,0,0,0,0,0,0,0,0,0,0,0,0,0,0,0,0,0,0,0,0,0,0,0,0,0,0,0,0,0,0,0,0,0,0,0,0,0,0,-1,-1,-1,-1,-1,-1,0,0,0,0,0
154,b客行,19627,-14165,-6490,0,0,0,0,0,0,0,一本小f,-1,-1,-1,-1,1,0,3,-1,-1,0,0,0,0,0,0,0,0,0,0,0,0,0,0,0,0,0,0,0,0,0,0,0,0,0,0,0,0,0,0,0,0,0,0,0,0,0,0,0,-1,-1,-1,-1,-1,-1,0,0,0,0,0
155,倚天屠,-13651,-11868,20401,29632,20400,0,0,0,0,0,一本小f,-1,-1,-1,-1,1,0,3,-1,-1,0,0,0,0,0,0,0,0,0,0,0,0,0,0,0,0,0,0,0,0,0,0,0,0,0,0,0,0,0,0,0,0,0,0,0,0,0,0,0,-1,-1,-1,-1,-1,-1,0,0,0,0,0
156,碧血,-11846,-6746,17340,0,0,0,0,0,0,0,一本小f,-1,-1,-1,-1,1,0,3,-1,-1,0,0,0,0,0,0,0,0,0,0,0,0,0,0,0,0,0,0,0,0,0,0,0,0,0,0,0,0,0,0,0,0,0,0,0,0,0,0,0,-1,-1,-1,-1,-1,-1,0,0,0,0,0
157,x刀,28864,28096,19876,0,0,0,0,0,0,0,一本小f,-1,-1,-1,-1,1,0,3,-1,-1,0,0,0,0,0,0,0,0,0,0,0,0,0,0,0,0,0,0,0,0,0,0,0,0,0,0,0,0,0,0,0,0,0,0,0,0,0,0,0,-1,-1,-1,-1,-1,-1,0,0,0,0,0
158,修_刀V,-10323,-17981,19876,-12093,0,0,0,0,0,0,Ｐ薹柿_、小_、小小_,58,-1,-1,-1,1,2,1,-1,-1,0,0,0,0,-1,0,0,1,0,0,0,0,0,0,0,0,2,0,0,0,0,0,0,-1,0,0,0,0,0,0,0,0,0,30,0,0,0,90,0,-1,-1,-1,-1,-1,-1,0,0,0,0,0
159,奇T三才刀,24489,-1622,21668,32420,19876,0,0,0,0,0,f是丐烷L老的^技,56,-1,-1,-1,1,2,1,-1,-1,0,0,0,0,-1,0,0,1,0,0,0,0,0,0,0,0,2,0,0,0,0,0,0,-1,2,0,0,0,0,0,0,0,0,20,0,0,0,70,0,-1,-1,-1,-1,-1,-1,0,0,0,0,0
160,慈悲刀法,20407,25780,19876,27562,0,0,0,0,0,0,刀是⑷说模心是慈悲的,57,-1,-1,-1,1,2,1,-1,-1,0,0,0,0,-1,0,0,1,0,0,0,0,0,0,0,0,2,0,0,0,0,0,0,-1,2,0,0,0,0,0,0,0,0,20,0,0,0,70,0,-1,-1,-1,-1,-1,-1,0,0,0,0,0
161,狂L刀法,26536,-18515,19876,27562,0,0,0,0,0,0,小田田的成名^技,55,-1,-1,-1,1,2,1,-1,-1,0,0,0,0,-1,0,0,1,1,0,0,0,0,0,0,0,2,0,0,0,0,0,0,-1,2,0,0,0,0,0,0,0,0,30,0,0,0,90,0,-1,-1,-1,-1,-1,-1,0,0,0,0,0
162,x刀法,28864,28096,19876,27562,0,0,0,0,0,0,x刀冰的家鞯斗,54,-1,-1,-1,1,2,1,-1,-1,0,0,0,0,-1,0,0,1,0,0,0,0,0,0,0,0,2,0,0,0,0,0,0,-1,2,0,0,0,0,0,0,0,0,40,0,0,0,110,0,-1,-1,-1,-1,-1,-1,0,0,0,0,0
163,南山刀V,28331,29604,19876,-12093,0,0,0,0,0,0,南希仁魇诠靖的刀法,53,-1,-1,-1,1,2,1,-1,-1,0,0,0,0,-1,0,0,1,0,0,0,0,0,0,0,0,2,0,0,0,0,0,0,-1,2,0,0,0,0,0,0,0,0,10,0,0,0,50,0,-1,-1,-1,-1,-1,-1,0,0,0,0,0
164,鬼^刀法,-21072,22976,19876,27562,0,0,0,0,0,0,此刀法一出，人^鬼^,52,-1,-1,-1,1,2,1,-1,-1,0,0,0,0,-1,0,0,1,1,1,0,0,0,0,0,0,2,0,0,0,0,0,0,-1,2,0,0,0,0,0,0,0,0,10,0,0,0,50,0,-1,-1,-1,-1,-1,-1,0,0,0,0,0
165,f劫刀法,21944,21671,19876,27562,0,0,0,0,0,0,R王神f仇的刀法,51,-1,-1,-1,1,2,1,-1,-1,0,0,0,0,-1,0,0,1,0,0,0,0,0,0,0,0,2,0,0,0,0,0,0,-1,2,0,0,0,0,0,0,0,0,20,0,0,0,30,0,-1,-1,-1,-1,-1,-1,0,0,0,0,0
166,柴刀十八路,-7250,19876,20900,19364,-2888,0,0,0,0,0,黎老h的刀法，被u樽,50,-1,-1,-1,1,2,1,-1,-1,0,0,0,0,-1,0,0,1,0,0,0,0,0,0,0,0,2,0,0,0,0,0,0,-1,2,0,0,0,0,0,0,0,0,20,0,0,0,0,0,-1,-1,-1,-1,-1,-1,0,0,0,0,0
167,打狗棒法,-19291,-20566,-12620,27562,0,0,0,0,0,0,丐玩椭,80,-1,-1,-1,1,2,1,-1,-1,0,0,0,0,-1,0,0,2,0,0,0,0,0,0,0,0,0,2,0,0,0,0,0,-1,2,0,0,0,0,0,0,0,0,0,80,0,0,200,0,-1,-1,-1,-1,-1,-1,0,0,0,0,0
168,伏魔杖法,-3675,24005,-1369,27562,0,0,0,0,0,0,少林七十二^技之杖法,86,-1,-1,-1,1,2,1,-1,-1,0,0,0,0,-1,0,0,2,0,0,0,0,0,0,0,0,0,2,0,0,0,0,0,-1,1,0,0,0,0,0,0,0,0,0,80,0,0,200,0,-1,-1,-1,-1,-1,-1,0,0,0,0,0
169,倚天屠功,-13651,-11868,20401,29632,23717,0,0,0,0,0,武^W之P法,84,-1,-1,-1,1,2,1,-1,-1,0,0,0,0,-1,0,0,1,0,0,0,0,0,0,0,0,0,2,0,0,0,0,0,-1,2,0,0,0,0,0,0,0,0,0,70,0,0,180,0,-1,-1,-1,-1,-1,-1,0,0,0,0,0
170,o上大力杵,19637,22436,27300,20388,21418,0,0,0,0,0,西域^W,83,-1,-1,-1,1,2,1,-1,-1,0,0,0,0,-1,0,0,1,0,0,0,0,0,0,0,0,0,2,0,0,0,0,0,-1,1,0,0,0,0,0,0,0,0,0,70,0,0,180,0,-1,-1,-1,-1,-1,-1,0,0,0,0,0
171,金伏魔圈,-2134,-5971,-3675,24005,-5712,0,0,0,0,0,少林七十二^技之鞭法,82,-1,-1,-1,1,2,1,-1,-1,0,0,0,0,-1,0,0,1,0,0,0,0,0,0,0,0,0,2,0,0,0,0,0,-1,1,0,0,0,0,0,0,0,0,0,60,0,0,160,0,-1,-1,-1,-1,-1,-1,0,0,0,0,0
172,一指,16548,-22602,-853,-11858,0,0,0,0,0,0,⒁魂指融入到法之中,81,-1,-1,-1,1,2,1,-1,-1,0,0,0,0,-1,0,0,1,0,0,0,0,0,0,0,0,0,2,0,0,0,0,0,-1,1,0,0,0,0,0,0,0,0,0,60,0,0,160,0,-1,-1,-1,-1,-1,-1,0,0,0,0,0
173,S沙f里鞭,-16202,18088,21944,-16984,16579,0,0,0,0,0,f髯晕饔,78,-1,-1,-1,1,2,1,-1,-1,0,0,0,0,-1,0,0,1,0,0,0,0,0,0,0,0,0,2,0,0,0,0,0,-1,0,0,0,0,0,0,0,0,0,0,50,0,0,140,0,-1,-1,-1,-1,-1,-1,0,0,0,0,0
174,y,-14149,-7512,0,0,0,0,0,0,0,0,很好用的|西，甚至能使鬼推磨,-1,-1,-1,-1,1,0,3,-1,-1,0,0,0,0,0,0,0,0,0,0,0,0,0,0,0,0,0,0,0,0,0,0,0,0,0,0,0,0,0,0,0,0,0,0,0,0,0,0,0,-1,-1,-1,-1,-1,-1,0,0,0,0,0
175,y索金,-14149,-15953,-2134,25017,0,0,0,0,0,0,古墓派^技,79,-1,-1,-1,1,2,1,-1,-1,0,0,0,0,-1,0,0,1,0,0,0,0,0,0,0,0,0,2,0,0,0,0,0,-1,0,0,0,0,0,0,0,0,0,0,50,0,0,140,0,-1,-1,-1,-1,-1,-1,0,0,0,0,0
176,倒y刃,-20045,-22602,-13395,-15434,25252,0,0,0,0,0,三倒四，自由道理,77,-1,-1,-1,1,2,1,-1,-1,0,0,0,0,-1,0,0,1,0,0,0,0,0,0,0,0,0,2,0,0,0,0,0,-1,2,0,0,0,0,0,0,0,0,0,20,0,0,80,0,-1,-1,-1,-1,-1,-1,0,0,0,0,0
177,O叟法,-20806,-4435,-22349,27562,0,0,0,0,0,0,先上~D，再甩U,76,-1,-1,-1,1,2,1,-1,-1,0,0,0,0,-1,0,0,1,0,0,0,0,0,0,0,0,0,2,0,0,0,0,0,-1,2,0,0,0,0,0,0,0,0,0,10,0,0,60,0,-1,-1,-1,-1,-1,-1,0,0,0,0,0
178,大剪刀刀法,27300,-14928,19876,19876,27562,0,0,0,0,0,比平常的剪刀要大很多,75,-1,-1,-1,1,2,1,-1,-1,0,0,0,0,-1,0,0,1,0,0,0,0,0,0,0,0,0,2,0,0,0,0,0,-1,2,0,0,0,0,0,0,0,0,0,30,0,0,100,0,-1,-1,-1,-1,-1,-1,0,0,0,0,0
179,Q蛇八打,25285,17587,19364,-19291,0,0,0,0,0,0,云中Q的武功，Ф,74,-1,-1,-1,1,2,1,-1,-1,0,0,0,0,-1,0,0,1,0,0,0,0,0,0,0,0,0,2,0,0,0,0,0,-1,0,0,0,0,0,0,0,0,0,0,30,0,0,100,0,-1,-1,-1,-1,-1,-1,0,0,0,0,0
180,持琴,-1621,-16966,24245,0,0,0,0,0,0,0,琴音也人,73,-1,-1,-1,1,2,1,-1,-1,0,0,0,0,-1,0,0,1,0,0,0,0,0,0,0,0,0,2,0,0,0,0,0,-1,2,0,0,0,0,0,0,0,0,0,20,0,0,80,0,-1,-1,-1,-1,-1,-1,0,0,0,0,0
181,棋P招式,-11852,19645,-9303,-24154,2573,0,0,0,0,0,武累了，不妨下下棋,72,-1,-1,-1,1,2,1,-1,-1,0,0,0,0,-1,0,0,1,0,0,0,0,0,0,0,0,0,2,0,0,0,0,0,-1,2,0,0,0,0,0,0,0,0,0,35,0,0,110,0,-1,-1,-1,-1,-1,-1,0,0,0,0,0
182,_P,-17981,19645,0,0,0,0,0,0,0,0,可@示目前之座伺c船之位置,-1,-1,-1,-1,1,0,3,-1,-1,0,0,0,0,0,0,0,0,0,0,0,0,0,0,0,0,0,0,0,0,0,0,0,0,0,0,0,0,0,0,0,0,0,0,0,0,0,0,0,-1,-1,-1,-1,-1,-1,0,0,0,0,0
183,裴④帖,28859,20145,30893,-21591,0,0,0,0,0,0,法武W,71,-1,-1,-1,1,2,1,-1,-1,0,0,0,0,-1,0,0,2,0,0,0,0,0,0,0,0,0,2,0,0,0,0,0,-1,2,0,0,0,0,0,0,0,0,0,30,0,0,100,0,-1,-1,-1,-1,-1,-1,0,0,0,0,0
184,中平法,-23388,-21083,27322,27562,0,0,0,0,0,0,直比罴法要害,70,-1,-1,-1,1,2,1,-1,-1,0,0,0,0,-1,0,0,1,1,1,0,0,0,0,0,0,0,2,0,0,0,0,0,-1,2,0,0,0,0,0,0,0,0,0,10,0,0,60,0,-1,-1,-1,-1,-1,-1,0,0,0,0,0
185,毒鞭法,29356,29632,16579,27562,0,0,0,0,0,0,丁不四的^技,69,-1,-1,-1,1,2,1,-1,-1,0,0,0,0,-1,0,0,1,0,0,0,0,0,0,0,0,0,2,0,0,0,0,0,-1,2,0,0,0,0,0,0,0,0,0,20,0,0,40,0,-1,-1,-1,-1,-1,-1,0,0,0,0,0
186,罴,-22345,25006,27322,0,0,0,0,0,0,0,天波罡祖法,68,-1,-1,-1,1,2,1,-1,-1,0,0,0,0,-1,0,0,1,0,0,0,0,0,0,0,0,0,2,0,0,0,0,0,-1,2,0,0,0,0,0,0,0,0,0,20,0,0,0,0,-1,-1,-1,-1,-1,-1,0,0,0,0,0
187,子午灸,27812,-14172,30640,25256,26552,0,0,0,0,0,t,-1,-1,-1,-1,1,2,1,-1,-1,0,0,0,0,-1,0,0,0,0,0,2,0,2,0,0,0,0,0,0,0,0,0,0,-1,2,0,0,0,0,75,0,0,0,0,0,0,0,100,50,209,6,-1,-1,-1,-1,15,0,0,0,0
188,A佗日D,-10059,-4186,-17756,19628,-12359,0,0,0,0,0,t,-1,-1,-1,-1,1,2,1,-1,-1,0,0,0,0,-1,0,0,0,0,0,2,0,2,0,0,0,0,0,0,0,0,0,0,-1,2,0,0,0,0,70,0,0,0,0,0,0,0,100,50,209,5,7,-1,-1,-1,12,13,0,0,0
189,胡青牛t,19117,17323,-1116,-6718,-11858,0,0,0,0,0,t,-1,-1,-1,-1,1,2,1,-1,-1,0,0,0,0,-1,0,0,0,0,0,2,0,2,0,0,0,0,0,0,0,0,0,0,-1,2,0,0,0,0,60,0,0,0,0,0,0,0,100,50,209,2,-1,-1,-1,-1,15,0,0,0,0
190,千金方,25764,-2134,-5980,0,0,0,0,0,0,0,t,-1,-1,-1,-1,1,2,1,-1,-1,0,0,0,0,-1,0,0,0,0,0,2,0,2,0,0,0,0,0,0,0,0,0,0,-1,2,0,0,0,0,40,0,0,0,0,0,0,0,50,25,-1,0,3,-1,-1,-1,2,3,0,0,0
191,S帝冉,-16202,-11605,-17756,26552,0,0,0,0,0,0,t,-1,-1,-1,-1,1,2,1,-1,-1,0,0,0,0,-1,0,0,0,0,0,2,0,2,0,0,0,0,0,0,0,0,0,0,-1,2,0,0,0,0,50,0,0,0,0,0,0,0,80,30,209,1,4,-1,-1,-1,8,8,0,0,0
192,毒,29356,26552,0,0,0,0,0,0,0,0,t,-1,-1,-1,-1,1,2,1,-1,-1,0,0,0,0,-1,0,0,0,0,0,0,5,5,2,0,0,0,0,0,0,0,0,0,-1,2,0,0,0,20,0,0,0,0,0,0,0,0,100,50,209,9,10,11,-1,-1,5,8,12,0,0
193,王神篇,-15165,-604,-21585,26557,0,0,0,0,0,0,t,-1,-1,-1,-1,1,2,1,-1,-1,0,0,0,0,-1,0,0,0,0,0,0,5,5,2,0,0,0,0,0,0,0,0,0,-1,2,0,0,0,20,0,0,0,0,0,0,0,0,100,50,209,9,10,11,-1,-1,5,8,12,0,0
194,翡翠杯,17083,16827,19882,0,0,0,0,0,0,0,欲梨花酒，用翡翠杯,-1,-1,-1,-1,1,0,3,-1,-1,0,0,0,0,0,0,0,0,0,0,0,0,0,0,0,0,0,0,0,0,0,0,0,0,0,0,0,0,0,0,0,0,0,0,0,0,0,0,0,-1,-1,-1,-1,-1,-1,0,0,0,0,0
195,FP,19397,-5437,0,0,0,0,0,0,0,0,可用硗诰|西,-1,-1,-1,-1,1,0,3,-1,-1,0,0,0,0,0,0,0,0,0,0,0,0,0,0,0,0,0,0,0,0,0,0,0,0,0,0,0,0,0,0,0,0,0,0,0,0,0,0,0,-1,-1,-1,-1,-1,-1,0,0,0,0,0
196,大燕玉t,27300,20671,-14410,-5456,-13915,-23869,0,0,0,0,大燕玉t,-1,-1,-1,-1,1,0,3,-1,-1,0,0,0,90,0,0,0,0,0,0,0,0,0,0,0,0,0,0,0,0,0,0,0,0,0,0,0,0,0,0,0,0,0,0,0,0,0,0,0,-1,-1,-1,-1,-1,-1,0,0,0,0,0
197,大燕皇帝世uD表,27300,20671,-11348,-11605,16549,-22587,-12359,-4694,0,0,大燕皇帝世uD表,-1,-1,-1,-1,1,0,3,-1,-1,0,0,0,0,0,0,0,0,0,5,0,0,0,0,0,0,0,0,0,0,0,0,0,-1,2,0,0,0,0,0,0,0,0,0,0,0,0,0,0,-1,-1,-1,-1,-1,-1,0,0,0,0,0
198,p善P毫,-8003,-16971,16571,25524,20389,0,0,0,0,0,得此令者，赴b客u,-1,-1,-1,-1,1,0,3,-1,-1,0,0,0,0,0,0,0,0,0,0,0,0,0,0,0,0,0,0,0,0,0,0,0,0,0,0,0,0,0,0,0,0,0,0,0,0,0,0,0,-1,-1,-1,-1,-1,-1,0,0,0,0,0
199,身刀法,-7512,-18771,19876,27562,0,0,0,0,0,0,胡家刀法V,-1,-1,-1,-1,1,0,3,-1,-1,0,0,0,0,0,0,0,0,0,0,0,0,0,0,0,0,0,0,0,0,0,0,0,0,0,0,0,0,0,0,0,0,0,0,0,0,0,0,0,-1,-1,-1,-1,-1,-1,0,0,0,0,0
200,七指h,17316,24516,-853,-2880,0,0,0,0,0,0,逍b派掌T人的信物,-1,-1,-1,-1,1,0,3,-1,-1,0,0,0,0,0,0,0,0,0,0,0,0,0,0,0,0,0,0,0,0,0,0,0,0,0,0,0,0,0,0,0,0,0,0,0,0,0,0,0,-1,-1,-1,-1,-1,-1,0,0,0,0,0
201,嗄c草,24514,31416,-3153,0,0,0,0,0,0,0,生L在情花之旁,-1,-1,-1,-1,1,0,3,-1,-1,0,0,0,0,0,0,0,0,0,0,0,0,0,0,0,0,0,0,0,0,0,0,0,0,0,0,0,0,0,0,0,0,0,0,0,0,0,0,0,-1,-1,-1,-1,-1,-1,0,0,0,0,0
202,J王刀,-2878,-604,30893,19876,0,0,0,0,0,0,胡一刀z物，cJ王藏有P,-1,-1,-1,-1,1,0,3,-1,-1,0,0,0,0,0,0,0,0,0,0,0,0,0,0,0,0,0,0,0,0,0,0,0,0,0,0,0,0,0,0,0,0,0,0,0,0,0,0,0,-1,-1,-1,-1,-1,-1,0,0,0,0,0
203,玄冰碧火酒,-14171,17062,-11846,-2652,29616,0,0,0,0,0,可{和的酒,-1,-1,-1,-1,1,0,3,-1,-1,0,0,0,0,0,0,0,0,0,0,0,0,0,0,0,0,0,0,0,0,0,0,0,0,0,0,0,0,0,0,0,0,0,0,0,0,0,0,0,-1,-1,-1,-1,-1,-1,0,0,0,0,0
204,苗人P眼毒解,23981,18596,-3653,-19278,29356,-11848,-15165,0,0,0,只能解苗人P中的毒,-1,-1,-1,-1,1,0,3,-1,-1,0,0,0,0,0,0,0,0,0,0,0,0,0,0,0,0,0,0,0,0,0,0,0,0,0,0,0,0,0,0,0,0,0,0,0,0,0,0,0,-1,-1,-1,-1,-1,-1,0,0,0,0,0
205,神杖,-21585,-1369,0,0,0,0,0,0,0,0,武林盟主的象征,-1,-1,-1,-1,1,0,3,-1,-1,0,0,0,0,0,0,0,0,0,0,0,0,0,0,0,0,0,0,0,0,0,0,0,0,0,0,0,0,0,0,0,0,0,0,0,0,0,0,0,-1,-1,-1,-1,-1,-1,0,0,0,0,0
206,唐x集,-3923,-10568,-4161,-20298,0,0,0,0,0,0,春眠不X裕蚊子咬,-1,-1,-1,-1,1,0,3,-1,-1,0,0,0,0,0,0,0,0,0,0,0,0,0,0,0,0,0,0,0,0,0,0,0,0,0,0,0,0,0,0,0,0,0,0,0,0,0,0,0,-1,-1,-1,-1,-1,-1,0,0,0,0,0
207,七心海棠,17316,-8284,-850,-14924,0,0,0,0,0,0,《局物,-1,-1,-1,-1,1,0,3,-1,-1,0,0,0,0,0,0,0,0,0,0,0,0,0,0,0,0,0,0,0,0,0,0,0,0,0,0,0,0,0,0,0,0,0,0,0,0,0,0,0,-1,-1,-1,-1,-1,-1,0,0,0,0,0
208,金匙,-2134,24518,-12880,0,0,0,0,0,0,0,中慧身上的匙,-1,-1,-1,-1,1,0,3,-1,-1,0,0,0,0,0,0,0,0,0,0,0,0,0,0,0,0,0,0,0,0,0,0,0,0,0,0,0,0,0,0,0,0,0,0,0,0,0,0,0,-1,-1,-1,-1,-1,-1,0,0,0,0,0
209,材,-15165,-2137,0,0,0,0,0,0,0,0,用于,-1,-1,-1,-1,1,0,3,-1,-1,0,0,0,0,0,0,0,0,0,0,0,0,0,0,0,0,0,0,0,0,0,0,0,0,0,0,0,0,0,0,0,0,0,0,0,0,0,0,0,-1,-1,-1,-1,-1,-1,0,0,0,0,0
210,食材,-18003,-2137,0,0,0,0,0,0,0,0,可用于做或酒,-1,-1,-1,-1,1,0,3,-1,-1,0,0,0,0,0,0,0,0,0,0,0,0,0,0,0,0,0,0,0,0,0,0,0,0,0,0,0,0,0,0,0,0,0,0,0,0,0,0,0,-1,-1,-1,-1,-1,-1,0,0,0,0,0
211,一撮金毛,16548,-17220,-2134,-3420,0,0,0,0,0,0,金毛{王xd的^l,-1,-1,-1,-1,1,0,3,-1,-1,0,0,0,0,0,0,0,0,0,0,0,0,0,0,0,0,0,0,0,0,0,0,0,0,0,0,0,0,0,0,0,0,0,0,0,0,0,0,0,-1,-1,-1,-1,-1,-1,0,0,0,0,0
212,V陵散琴曲,29628,-20813,-19788,24245,-20058,2573,0,0,0,0,失饕丫玫那僮V,-1,-1,-1,-1,1,0,3,-1,-1,0,0,0,0,0,0,0,0,0,0,0,0,0,0,0,0,0,0,0,0,0,0,0,0,0,0,0,0,0,0,0,0,0,0,0,0,0,0,0,-1,-1,-1,-1,-1,-1,0,0,0,0,0
213,⒅俑I血棋V,17084,-3419,27304,-15431,-6746,-11852,-12093,0,0,0,失饕丫玫钠遄V,-1,-1,-1,-1,1,0,3,-1,-1,0,0,0,0,0,0,0,0,0,0,0,0,0,0,0,0,0,0,0,0,0,0,0,0,0,0,0,0,0,0,0,0,0,0,0,0,0,0,0,-1,-1,-1,-1,-1,-1,0,0,0,0,0
214,旭率意帖,27057,-20314,30386,20151,-21591,0,0,0,0,0,旭，人Q椴菔ィ草一^,-1,-1,-1,-1,1,0,3,-1,-1,0,0,0,0,0,0,0,0,0,0,0,0,0,0,0,0,0,0,0,0,0,0,0,0,0,0,0,0,0,0,0,0,0,0,0,0,0,0,0,-1,-1,-1,-1,-1,-1,0,0,0,0,0
215,溪山行旅D,-13385,29604,-6490,-14162,-12359,0,0,0,0,0,北宋名,-1,-1,-1,-1,1,0,3,-1,-1,0,0,0,0,0,0,0,0,0,0,0,0,0,0,0,0,0,0,0,0,0,0,0,0,0,0,0,0,0,0,0,0,0,0,0,0,0,0,0,-1,-1,-1,-1,-1,-1,0,0,0,0,0
216,ь^大哥信,25009,22976,27300,-2899,-11858,18603,0,0,0,0,信中d了谭宓纳硎,-1,-1,-1,-1,1,0,3,-1,-1,0,0,0,0,0,0,0,0,0,0,0,0,0,0,0,0,0,0,0,0,0,0,0,0,0,0,0,0,0,0,0,0,0,0,0,0,0,0,0,-1,-1,-1,-1,-1,-1,0,0,0,0,0
217,x刀,28864,19876,0,0,0,0,0,0,0,0,一把好刀，可惜不能b,-1,-1,-1,-1,1,0,3,-1,-1,0,0,0,0,0,0,0,0,0,0,0,0,0,0,0,0,0,0,0,0,0,0,0,0,0,0,0,0,0,0,0,0,0,0,0,0,0,0,0,-1,-1,-1,-1,-1,-1,0,0,0,0,0
218,刀,28096,19876,0,0,0,0,0,0,0,0,一把好刀，可惜不能b,-1,-1,-1,-1,1,0,3,-1,-1,0,0,0,0,0,0,0,0,0,0,0,0,0,0,0,0,0,0,0,0,0,0,0,0,0,0,0,0,0,0,0,0,0,0,0,0,0,0,0,-1,-1,-1,-1,-1,-1,0,0,0,0,0
219,一w^B,16548,-1087,22976,24774,0,0,0,0,0,0,成昆的上人^,-1,-1,-1,-1,1,0,3,-1,-1,0,0,0,0,0,0,0,0,0,0,0,0,0,0,0,0,0,0,0,0,0,0,0,0,0,0,0,0,0,0,0,0,0,0,0,0,0,0,0,-1,-1,-1,-1,-1,-1,0,0,0,0,0
220,食神秘笈,-18003,-21585,-19025,17619,0,0,0,0,0,0,IB家常菜888例,-1,-1,-1,-1,1,0,1,-1,-1,0,0,0,0,-1,0,0,0,0,0,0,0,0,0,0,0,0,0,0,0,0,0,0,89,2,0,0,0,0,0,0,0,0,0,0,0,0,0,0,-1,-1,-1,-1,-1,-1,0,0,0,0,0
221,酒神秘笈,29616,-21585,-19025,17619,0,0,0,0,0,0,酒逢知己千杯少,-1,-1,-1,-1,1,0,1,-1,-1,0,0,0,0,-1,0,0,0,0,0,0,0,0,0,0,0,0,0,0,0,0,0,0,88,2,0,0,0,0,0,0,0,0,0,0,0,0,0,0,-1,-1,-1,-1,-1,-1,0,0,0,0,0
222,手帕,-7516,-21335,0,0,0,0,0,0,0,0,（70，269）,-1,-1,-1,-1,1,0,3,-1,-1,0,0,0,0,0,0,0,0,0,0,0,0,0,0,0,0,0,0,0,0,0,0,0,0,0,0,0,0,0,0,0,0,0,0,0,0,0,0,0,-1,-1,-1,-1,-1,-1,0,0,0,0,0
223,手帕,-7516,-21335,0,0,0,0,0,0,0,0,（71，272）,-1,-1,-1,-1,1,0,3,-1,-1,0,0,0,0,0,0,0,0,0,0,0,0,0,0,0,0,0,0,0,0,0,0,0,0,0,0,0,0,0,0,0,0,0,0,0,0,0,0,0,-1,-1,-1,-1,-1,-1,0,0,0,0,0
224,手帕,-7516,-21335,0,0,0,0,0,0,0,0,（80，212）,-1,-1,-1,-1,1,0,3,-1,-1,0,0,0,0,0,0,0,0,0,0,0,0,0,0,0,0,0,0,0,0,0,0,0,0,0,0,0,0,0,0,0,0,0,0,0,0,0,0,0,-1,-1,-1,-1,-1,-1,0,0,0,0,0
225,J王藏D,-2878,-604,-15422,24516,-12359,0,0,0,0,0,（64，51）,-1,-1,-1,-1,1,0,3,-1,-1,0,0,0,0,0,0,0,0,0,0,0,0,0,0,0,0,0,0,0,0,0,0,0,0,0,0,0,0,0,0,0,0,0,0,0,0,0,0,0,-1,-1,-1,-1,-1,-1,0,0,0,0,0
226,J王藏D,-2878,-604,-15422,24516,-12359,0,0,0,0,0,（24，16）,-1,-1,-1,-1,1,0,3,-1,-1,0,0,0,0,0,0,0,0,0,0,0,0,0,0,0,0,0,0,0,0,0,0,0,0,0,0,0,0,0,0,0,0,0,0,0,0,0,0,0,-1,-1,-1,-1,-1,-1,0,0,0,0,0
227,J王藏D,-2878,-604,-15422,24516,-12359,0,0,0,0,0,（45，34）,-1,-1,-1,-1,1,0,3,-1,-1,0,0,0,0,0,0,0,0,0,0,0,0,0,0,0,0,0,0,0,0,0,0,0,0,0,0,0,0,0,0,0,0,0,0,0,0,0,0,0,-1,-1,-1,-1,-1,-1,0,0,0,0,0
228,半部四十二章,25253,-24141,31909,20900,18340,-17997,26552,0,0,0,需要另外半部,-1,-1,-1,-1,1,0,3,-1,-1,0,0,0,0,0,0,0,0,0,0,0,0,0,0,0,0,0,0,0,0,0,0,0,0,0,0,0,0,0,0,0,0,0,0,0,0,0,0,0,-1,-1,-1,-1,-1,-1,0,0,0,0,0
229,四十二章,31909,20900,18340,-17997,26552,0,0,0,0,0,藏有M清}的秘密,-1,-1,-1,-1,1,0,3,-1,-1,0,0,0,0,0,0,0,0,0,0,0,0,0,0,0,0,0,0,0,0,0,0,0,0,0,0,0,0,0,0,0,0,0,0,0,0,0,0,0,-1,-1,-1,-1,-1,-1,0,0,0,0,0
230,白R,-10843,-22352,0,0,0,0,0,0,0,0,T上R，跑的快,-1,-1,-1,1,1,1,1,-1,-1,0,0,0,0,-1,0,0,0,20,0,0,0,0,0,0,0,0,0,0,0,0,0,0,-1,2,0,0,0,0,0,0,0,0,0,0,0,0,0,0,-1,-1,-1,-1,-1,-1,0,0,0,0,0
231,火蟾,-2652,-13629,0,0,0,0,0,0,0,0,具有抵抗寒毒的功效,-1,-1,-1,-1,1,0,3,-1,-1,0,0,0,0,-1,0,0,0,20,0,0,0,0,0,0,0,0,0,0,0,0,0,0,-1,2,0,0,0,0,0,0,0,0,0,0,0,0,0,0,-1,-1,-1,-1,-1,-1,0,0,0,0,0
232,太白三英的信,-11356,-10843,21668,24237,-17750,-11858,18603,0,0,0,太白三英通迟u的C,-1,-1,-1,-1,1,0,3,-1,-1,0,0,0,0,0,0,0,0,0,0,0,0,0,0,0,0,0,0,0,0,0,0,0,0,0,0,0,0,0,0,0,0,0,0,0,0,0,0,0,-1,-1,-1,-1,-1,-1,0,0,0,0,0
233,金娃娃,-2134,-16981,-16981,0,0,0,0,0,0,0,金色的娃娃~,-1,-1,-1,-1,1,0,3,-1,-1,0,0,0,0,-1,0,0,0,20,0,0,0,0,0,0,0,0,0,0,0,0,0,0,-1,2,0,0,0,0,0,0,0,0,0,0,0,0,0,0,-1,-1,-1,-1,-1,-1,0,0,0,0,0
234,介B信,-18780,-12110,18603,0,0,0,0,0,0,0,南to的介B信,-1,-1,-1,-1,1,0,3,-1,-1,0,0,0,0,-1,0,0,0,20,0,0,0,0,0,0,0,0,0,0,0,0,0,0,-1,2,0,0,0,0,0,0,0,0,0,0,0,0,0,0,-1,-1,-1,-1,-1,-1,0,0,0,0,0
235,左右互搏之g,-21851,27557,-21340,27063,-22620,20147,0,0,0,0,你是傻子幔磕蔷途吧！,-1,-1,-1,-1,1,2,1,-1,-1,0,0,0,0,-1,0,0,0,0,0,0,0,0,0,0,0,0,0,0,0,0,1,0,0,2,0,0,0,0,0,0,0,0,0,0,0,-45,500,0,-1,-1,-1,-1,-1,-1,0,0,0,0,0
236,真武,30127,23210,17340,0,0,0,0,0,0,0,三S年pr使用的,-1,-1,-1,0,1,1,1,-1,-1,0,0,0,0,-1,0,0,50,0,0,0,0,0,0,0,0,0,0,0,0,0,0,0,-1,2,500,0,0,0,0,0,0,80,0,0,0,0,0,0,-1,-1,-1,-1,-1,-1,0,0,0,0,0
